IteratorGetNext	IteratorGetNext	CPU-0	143	354745	355457	(tf_resource 1x1)->(100x784)(int32 100x1 slot 1 slot )	0	100	0	IteratorGetNext@CPU-0@(tf_resource 1x1)->(100x784)(int32 100x1 slot 1 slot )
Adam/update_dense/kernel/ResourceApplyAdam	ResourceApplyAdam	GPU-0	0	82936	82936	(tf_resource 1x1)(tf_resource 1x1)(tf_resource 1x1)(1x1)(1x1)(1x1)(1x1)(1x1)(1x1)(3136x1024)->(no output info)	100	100	0	Adam/update_dense/kernel/ResourceApplyAdam@GPU-0@(tf_resource 1x1)(tf_resource 1x1)(tf_resource 1x1)(1x1)(1x1)(1x1)(1x1)(1x1)(1x1)(3136x1024)->(no output info)
gradients/sequential/conv2d_1/Conv2D_grad/Conv2DBackpropFilter	Conv2DBackpropFilter	GPU-0	0	75500	75500	(100x32x14x14)(int32 4x1)(100x64x14x14)->(5x5x32x64)	100	100	0	gradients/sequential/conv2d_1/Conv2D_grad/Conv2DBackpropFilter@GPU-0@(100x32x14x14)(int32 4x1)(100x64x14x14)->(5x5x32x64)
gradients/sequential/conv2d_1/Conv2D_grad/Conv2DBackpropInput	Conv2DBackpropInput	GPU-0	0	75440	75440	(int32 4x1)(int32 4x1 slot 1 slot )(5x5x32x64)(100x64x14x14)->(100x32x14x14)	100	100	0	gradients/sequential/conv2d_1/Conv2D_grad/Conv2DBackpropInput@GPU-0@(int32 4x1)(int32 4x1 slot 1 slot )(5x5x32x64)(100x64x14x14)->(100x32x14x14)
sequential/conv2d_1/Conv2D	Conv2D	GPU-0	0	59916	59916	(100x32x14x14)(5x5x32x64)->(100x64x14x14)	100	100	0	sequential/conv2d_1/Conv2D@GPU-0@(100x32x14x14)(5x5x32x64)->(100x64x14x14)
gradients/sequential/conv2d/Conv2D_grad/Conv2DBackpropFilter	Conv2DBackpropFilter	GPU-0	0	25885	25885	(100x1x28x28)(int32 4x1)(100x32x28x28)->(5x5x1x32)	100	100	0	gradients/sequential/conv2d/Conv2D_grad/Conv2DBackpropFilter@GPU-0@(100x1x28x28)(int32 4x1)(100x32x28x28)->(5x5x1x32)
gradients/sequential/conv2d/Relu_grad/ReluGrad	ReluGrad	GPU-0	0	25569	25569	(100x32x28x28)(100x32x28x28)->(100x32x28x28)	100	100	0	gradients/sequential/conv2d/Relu_grad/ReluGrad@GPU-0@(100x32x28x28)(100x32x28x28)->(100x32x28x28)
gradients/sequential/dense/MatMul_grad/MatMul	MatMul	GPU-0	0	24829	24829	(100x1024)(3136x1024)->(100x3136)	100	100	0	gradients/sequential/dense/MatMul_grad/MatMul@GPU-0@(100x1024)(3136x1024)->(100x3136)
sequential/dense/MatMul	MatMul	GPU-0	0	24199	24199	(100x3136)(3136x1024)->(100x1024)	100	100	0	sequential/dense/MatMul@GPU-0@(100x3136)(3136x1024)->(100x1024)
gradients/sequential/dense/MatMul_grad/MatMul_1	MatMul	GPU-0	0	19261	19261	(100x3136)(100x1024)->(3136x1024)	100	100	0	gradients/sequential/dense/MatMul_grad/MatMul_1@GPU-0@(100x3136)(100x1024)->(3136x1024)
gradients/sequential/max_pooling2d/MaxPool_grad/MaxPoolGrad	MaxPoolGrad	GPU-0	0	16593	16593	(100x32x28x28)(100x32x14x14)(100x32x14x14)->(100x32x28x28)	100	100	0	gradients/sequential/max_pooling2d/MaxPool_grad/MaxPoolGrad@GPU-0@(100x32x28x28)(100x32x14x14)(100x32x14x14)->(100x32x28x28)
sequential/conv2d/BiasAdd	BiasAdd	GPU-0	0	15870	15870	(100x32x28x28)(32x1)->(100x32x28x28)	100	100	0	sequential/conv2d/BiasAdd@GPU-0@(100x32x28x28)(32x1)->(100x32x28x28)
gradients/sequential/conv2d_1/Relu_grad/ReluGrad	ReluGrad	GPU-0	0	14440	14440	(100x64x14x14)(100x64x14x14)->(100x64x14x14)	100	100	0	gradients/sequential/conv2d_1/Relu_grad/ReluGrad@GPU-0@(100x64x14x14)(100x64x14x14)->(100x64x14x14)
sequential/conv2d/Relu	Relu	GPU-0	0	13282	13282	(100x32x28x28)->(100x32x28x28)	100	100	0	sequential/conv2d/Relu@GPU-0@(100x32x28x28)->(100x32x28x28)
gradients/sequential/max_pooling2d_1/MaxPool_grad/MaxPoolGrad	MaxPoolGrad	GPU-0	0	12262	12262	(100x64x14x14)(100x64x7x7)(100x64x7x7)->(100x64x14x14)	100	100	0	gradients/sequential/max_pooling2d_1/MaxPool_grad/MaxPoolGrad@GPU-0@(100x64x14x14)(100x64x7x7)(100x64x7x7)->(100x64x14x14)
sequential/conv2d/Conv2D	Conv2D	GPU-0	0	12061	12061	(100x1x28x28)(5x5x1x32)->(100x32x28x28)	100	100	0	sequential/conv2d/Conv2D@GPU-0@(100x1x28x28)(5x5x1x32)->(100x32x28x28)
sequential/max_pooling2d/MaxPool	MaxPool	GPU-0	0	10547	10547	(100x32x28x28)->(100x32x14x14)	100	100	0	sequential/max_pooling2d/MaxPool@GPU-0@(100x32x28x28)->(100x32x14x14)
sequential/conv2d_1/BiasAdd	BiasAdd	GPU-0	0	8043	8043	(100x64x14x14)(64x1)->(100x64x14x14)	100	100	0	sequential/conv2d_1/BiasAdd@GPU-0@(100x64x14x14)(64x1)->(100x64x14x14)
gradients/sequential/conv2d/BiasAdd_grad/BiasAddGrad	BiasAddGrad	GPU-0	0	7475	7475	(100x32x28x28)->(32x1)	100	100	0	gradients/sequential/conv2d/BiasAdd_grad/BiasAddGrad@GPU-0@(100x32x28x28)->(32x1)
sequential/max_pooling2d_1/MaxPool	MaxPool	GPU-0	0	6926	6926	(100x64x14x14)->(100x64x7x7)	100	100	0	sequential/max_pooling2d_1/MaxPool@GPU-0@(100x64x14x14)->(100x64x7x7)
sequential/conv2d_1/Relu	Relu	GPU-0	0	6703	6703	(100x64x14x14)->(100x64x14x14)	100	100	0	sequential/conv2d_1/Relu@GPU-0@(100x64x14x14)->(100x64x14x14)
global_step/add	Snapshot	GPU-0	30	6690	7044	(int64 1x1)(int32 1x1 slot 1 slot )->(int64 1x1)	0	100	0	global_step/add@GPU-0@(int64 1x1)(int32 1x1 slot 1 slot )->(int64 1x1)
gradients/sequential/conv2d_1/BiasAdd_grad/BiasAddGrad	BiasAddGrad	GPU-0	0	4354	4354	(100x64x14x14)->(64x1)	100	100	0	gradients/sequential/conv2d_1/BiasAdd_grad/BiasAddGrad@GPU-0@(100x64x14x14)->(64x1)
edge_30_IteratorGetNext/MEMCPYHtoD	MEMCPYHtoD	GPU-0	0	2542	2542	(Transfer)->(313600 bytes)	0	0	100	edge_30_IteratorGetNext/MEMCPYHtoD@GPU-0@(Transfer)->(313600 bytes)
sparse_softmax_cross_entropy_loss/xentropy/xentropy	SparseSoftmaxCrossEntropyWithLogits	GPU-0	0	2413	2413	(100x10)(100x784)(int32 100x1 slot 1 slot )->(100x1)(100x10 slot 1 slot )	100	100	0	sparse_softmax_cross_entropy_loss/xentropy/xentropy@GPU-0@(100x10)(100x784)(int32 100x1 slot 1 slot )->(100x1)(100x10 slot 1 slot )
Adam/Assign	Assign	GPU-0	51	1767	2116	(1x1)(1x1)->(1x1)	0	100	0	Adam/Assign@GPU-0@(1x1)(1x1)->(1x1)
Adam/update_conv2d_1/kernel/ResourceApplyAdam	ResourceApplyAdam	GPU-0	0	1730	1730	(tf_resource 1x1)(tf_resource 1x1)(tf_resource 1x1)(1x1)(1x1)(1x1)(1x1)(1x1)(1x1)(5x5x32x64)->(no output info)	100	100	0	Adam/update_conv2d_1/kernel/ResourceApplyAdam@GPU-0@(tf_resource 1x1)(tf_resource 1x1)(tf_resource 1x1)(1x1)(1x1)(1x1)(1x1)(1x1)(1x1)(5x5x32x64)->(no output info)
sequential/dense_1/MatMul	MatMul	GPU-0	0	1626	1626	(100x1024)(1024x10)->(100x10)	100	100	0	sequential/dense_1/MatMul@GPU-0@(100x1024)(1024x10)->(100x10)
gradients/sequential/dense_1/MatMul_grad/MatMul	MatMul	GPU-0	0	1438	1438	(100x10)(1024x10)->(100x1024)	100	100	0	gradients/sequential/dense_1/MatMul_grad/MatMul@GPU-0@(100x10)(1024x10)->(100x1024)
sequential/reshape/strided_slice	StridedSlice	GPU-0	166	1230	1903	(int32 2x1)(int32 1x1)(int32 1x1)(int32 1x1)->(int32 1x1)	0	100	0	sequential/reshape/strided_slice@GPU-0@(int32 2x1)(int32 1x1)(int32 1x1)(int32 1x1)->(int32 1x1)
Adam/Assign_1	Assign	GPU-0	63	1143	1497	(1x1)(1x1)->(1x1)	0	100	0	Adam/Assign_1@GPU-0@(1x1)(1x1)->(1x1)
gradients/sequential/dense_1/MatMul_grad/MatMul_1	MatMul	GPU-0	0	1112	1112	(100x1024)(100x10)->(1024x10)	100	100	0	gradients/sequential/dense_1/MatMul_grad/MatMul_1@GPU-0@(100x1024)(100x10)->(1024x10)
Adam/update_dense_1/kernel/ResourceApplyAdam	ResourceApplyAdam	GPU-0	0	1002	1002	(tf_resource 1x1)(tf_resource 1x1)(tf_resource 1x1)(1x1)(1x1)(1x1)(1x1)(1x1)(1x1)(1024x10)->(no output info)	100	100	0	Adam/update_dense_1/kernel/ResourceApplyAdam@GPU-0@(tf_resource 1x1)(tf_resource 1x1)(tf_resource 1x1)(1x1)(1x1)(1x1)(1x1)(1x1)(1x1)(1024x10)->(no output info)
Adam/update_dense_1/bias/ResourceApplyAdam	ResourceApplyAdam	GPU-0	0	990	990	(tf_resource 1x1)(tf_resource 1x1)(tf_resource 1x1)(1x1)(1x1)(1x1)(1x1)(1x1)(1x1)(10x1)->(no output info)	100	100	0	Adam/update_dense_1/bias/ResourceApplyAdam@GPU-0@(tf_resource 1x1)(tf_resource 1x1)(tf_resource 1x1)(1x1)(1x1)(1x1)(1x1)(1x1)(1x1)(10x1)->(no output info)
Iterator	Iterator	CPU-0	42	918	1518	(no input)->(tf_resource 1x1)	0	100	0	Iterator@CPU-0@(no input)->(tf_resource 1x1)
Adam/update_conv2d/kernel/ResourceApplyAdam	ResourceApplyAdam	GPU-0	0	876	876	(tf_resource 1x1)(tf_resource 1x1)(tf_resource 1x1)(1x1)(1x1)(1x1)(1x1)(1x1)(1x1)(5x5x1x32)->(no output info)	100	100	0	Adam/update_conv2d/kernel/ResourceApplyAdam@GPU-0@(tf_resource 1x1)(tf_resource 1x1)(tf_resource 1x1)(1x1)(1x1)(1x1)(1x1)(1x1)(1x1)(5x5x1x32)->(no output info)
Adam/update_conv2d_1/bias/ResourceApplyAdam	ResourceApplyAdam	GPU-0	0	862	862	(tf_resource 1x1)(tf_resource 1x1)(tf_resource 1x1)(1x1)(1x1)(1x1)(1x1)(1x1)(1x1)(64x1)->(no output info)	100	100	0	Adam/update_conv2d_1/bias/ResourceApplyAdam@GPU-0@(tf_resource 1x1)(tf_resource 1x1)(tf_resource 1x1)(1x1)(1x1)(1x1)(1x1)(1x1)(1x1)(64x1)->(no output info)
Adam/update_dense/bias/ResourceApplyAdam	ResourceApplyAdam	GPU-0	0	862	862	(tf_resource 1x1)(tf_resource 1x1)(tf_resource 1x1)(1x1)(1x1)(1x1)(1x1)(1x1)(1x1)(1024x1)->(no output info)	100	100	0	Adam/update_dense/bias/ResourceApplyAdam@GPU-0@(tf_resource 1x1)(tf_resource 1x1)(tf_resource 1x1)(1x1)(1x1)(1x1)(1x1)(1x1)(1x1)(1024x1)->(no output info)
Adam/update_conv2d/bias/ResourceApplyAdam	ResourceApplyAdam	GPU-0	0	854	854	(tf_resource 1x1)(tf_resource 1x1)(tf_resource 1x1)(1x1)(1x1)(1x1)(1x1)(1x1)(1x1)(32x1)->(no output info)	100	100	0	Adam/update_conv2d/bias/ResourceApplyAdam@GPU-0@(tf_resource 1x1)(tf_resource 1x1)(tf_resource 1x1)(1x1)(1x1)(1x1)(1x1)(1x1)(1x1)(32x1)->(no output info)
sequential/dropout/dropout/random_uniform/RandomUniform	RandomUniform	GPU-0	0	814	814	(int32 2x1)->(100x1024)	100	100	0	sequential/dropout/dropout/random_uniform/RandomUniform@GPU-0@(int32 2x1)->(100x1024)
gradients/sequential/dense_1/BiasAdd_grad/BiasAddGrad	BiasAddGrad	GPU-0	0	746	746	(100x10)->(10x1)	100	100	0	gradients/sequential/dense_1/BiasAdd_grad/BiasAddGrad@GPU-0@(100x10)->(10x1)
sequential/reshape/Reshape/shape	Pack	GPU-0	48	702	1040	(int32 1x1)(int32 1x1)(int32 1x1)(int32 1x1)->(int32 4x1)	0	100	0	sequential/reshape/Reshape/shape@GPU-0@(int32 1x1)(int32 1x1)(int32 1x1)(int32 1x1)->(int32 4x1)
beta1_power	VariableV2	GPU-0	21	615	759	(no input)->(1x1)	0	100	0	beta1_power@GPU-0@(no input)->(1x1)
gradients/sequential/dense/Relu_grad/ReluGrad	ReluGrad	GPU-0	0	528	528	(100x1024)(100x1024)->(100x1024)	100	100	0	gradients/sequential/dense/Relu_grad/ReluGrad@GPU-0@(100x1024)(100x1024)->(100x1024)
sequential/reshape/Shape	Shape	CPU-0	44	526	958	(100x784)(int32 100x1 slot 1 slot )->(int32 2x1)	0	100	0	sequential/reshape/Shape@CPU-0@(100x784)(int32 100x1 slot 1 slot )->(int32 2x1)
global_step/IsVariableInitialized	IsVariableInitialized	GPU-0	26	516	732	(int64 1x1)->(boolean 1x1)	0	100	0	global_step/IsVariableInitialized@GPU-0@(int64 1x1)->(boolean 1x1)
sequential/flatten/strided_slice	StridedSlice	GPU-0	33	464	629	(int32 4x1)(int32 1x1)(int32 1x1)(int32 1x1)->(int32 1x1)	0	100	0	sequential/flatten/strided_slice@GPU-0@(int32 4x1)(int32 1x1)(int32 1x1)(int32 1x1)->(int32 1x1)
_SOURCE	NoOp	GPU-0	342	461	6856	(no input)->(no output info)	0	100	0	_SOURCE@GPU-0@(no input)->(no output info)
gradients/sequential/conv2d_1/Conv2D_grad/ShapeN	ShapeN	GPU-0	55	458	817	(100x32x14x14)(5x5x32x64)->(int32 4x1)(int32 4x1 slot 1 slot )	0	100	0	gradients/sequential/conv2d_1/Conv2D_grad/ShapeN@GPU-0@(100x32x14x14)(5x5x32x64)->(int32 4x1)(int32 4x1 slot 1 slot )
gradients/sequential/dense/BiasAdd_grad/BiasAddGrad	BiasAddGrad	GPU-0	0	454	454	(100x1024)->(1024x1)	100	100	0	gradients/sequential/dense/BiasAdd_grad/BiasAddGrad@GPU-0@(100x1024)->(1024x1)
sequential/dense/BiasAdd	BiasAdd	GPU-0	0	437	437	(100x1024)(1024x1)->(100x1024)	100	100	0	sequential/dense/BiasAdd@GPU-0@(100x1024)(1024x1)->(100x1024)
sequential/conv2d/Conv2D/ReadVariableOp	ReadVariableOp	GPU-0	45	412	641	(tf_resource 1x1)->(5x5x1x32)	0	100	0	sequential/conv2d/Conv2D/ReadVariableOp@GPU-0@(tf_resource 1x1)->(5x5x1x32)
gradients/sequential/dropout/dropout/div_grad/BroadcastGradientArgs	BroadcastGradientArgs	GPU-0	51	406	678	(int32 2x1)(int32 1x1)->(int32 1x1)(int32 2x1 slot 1 slot )	0	100	0	gradients/sequential/dropout/dropout/div_grad/BroadcastGradientArgs@GPU-0@(int32 2x1)(int32 1x1)->(int32 1x1)(int32 2x1 slot 1 slot )
gradients/sequential/dropout/dropout/mul_grad/Mul	Mul	GPU-0	0	404	404	(100x1024)(100x1024)->(100x1024)	100	100	0	gradients/sequential/dropout/dropout/mul_grad/Mul@GPU-0@(100x1024)(100x1024)->(100x1024)
sequential/dropout/dropout/mul	Mul	GPU-0	0	350	350	(100x1024)(100x1024)->(100x1024)	100	100	0	sequential/dropout/dropout/mul@GPU-0@(100x1024)(100x1024)->(100x1024)
sequential/flatten/Reshape/shape	Pack	GPU-0	25	347	555	(int32 1x1)(int32 1x1)->(int32 2x1)	0	100	0	sequential/flatten/Reshape/shape@GPU-0@(int32 1x1)(int32 1x1)->(int32 2x1)
sequential/dropout/dropout/add	Add	GPU-0	0	338	338	(1x1)(100x1024)->(100x1024)	100	100	0	sequential/dropout/dropout/add@GPU-0@(1x1)(100x1024)->(100x1024)
sequential/dropout/dropout/div	Mul	GPU-0	0	335	335	(100x1024)(1x1)->(100x1024)	100	100	0	sequential/dropout/dropout/div@GPU-0@(100x1024)(1x1)->(100x1024)
gradients/sparse_softmax_cross_entropy_loss/xentropy/xentropy_grad/mul	Mul	GPU-0	0	335	335	(100x1)(100x10)->(100x10)	100	100	0	gradients/sparse_softmax_cross_entropy_loss/xentropy/xentropy_grad/mul@GPU-0@(100x1)(100x10)->(100x10)
gradients/sequential/dropout/dropout/div_grad/RealDiv	Mul	GPU-0	0	331	331	(100x1024)(1x1)->(100x1024)	100	100	0	gradients/sequential/dropout/dropout/div_grad/RealDiv@GPU-0@(100x1024)(1x1)->(100x1024)
gradients/sparse_softmax_cross_entropy_loss/Mul_grad/BroadcastGradientArgs	BroadcastGradientArgs	GPU-0	48	324	605	(1|2|3x1)(int32 1x1)->(int32 1x1)(int32 1x1 slot 1 slot )	0	99	0	gradients/sparse_softmax_cross_entropy_loss/Mul_grad/BroadcastGradientArgs@GPU-0@(1|2|3x1)(int32 1x1)->(int32 1x1)(int32 1x1 slot 1 slot )
sequential/dense/Relu	Relu	GPU-0	0	303	303	(100x1024)->(100x1024)	100	100	0	sequential/dense/Relu@GPU-0@(100x1024)->(100x1024)
sequential/reshape/Reshape	Reshape	GPU-0	153	300	915	(100x784)(int32 100x1 slot 1 slot )(int32 4x1)->(100x1x28x28)	0	100	0	sequential/reshape/Reshape@GPU-0@(100x784)(int32 100x1 slot 1 slot )(int32 4x1)->(100x1x28x28)
gradients/sequential/flatten/Reshape_grad/Shape	Shape	GPU-0	45	282	482	(100x64x7x7)->(int32 4x1)	0	100	0	gradients/sequential/flatten/Reshape_grad/Shape@GPU-0@(100x64x7x7)->(int32 4x1)
sequential/dropout/dropout/Floor	Floor	GPU-0	0	278	278	(100x1024)->(100x1024)	100	100	0	sequential/dropout/dropout/Floor@GPU-0@(100x1024)->(100x1024)
sparse_softmax_cross_entropy_loss/num_present/broadcast_weights/ones_like/Shape	Shape	GPU-0	49	272	471	(100x1)(100x10 slot 1 slot )->(int32 1x1)	0	99	0	sparse_softmax_cross_entropy_loss/num_present/broadcast_weights/ones_like/Shape@GPU-0@(100x1)(100x10 slot 1 slot )->(int32 1x1)
ConstantFolding/gradients/sparse_softmax_cross_entropy_loss/div_grad/BroadcastGradientArgs-folded-1	Const	GPU-0	130	259	840	(no input)->(int32 1x1)	0	100	0	ConstantFolding/gradients/sparse_softmax_cross_entropy_loss/div_grad/BroadcastGradientArgs-folded-1@GPU-0@(no input)->(int32 1x1)
gradients/sequential/dropout/dropout/div_grad/Shape	Shape	GPU-0	50	246	456	(100x1024)->(int32 2x1)	0	100	0	gradients/sequential/dropout/dropout/div_grad/Shape@GPU-0@(100x1024)->(int32 2x1)
global_step/cond/Merge	Merge	GPU-0	46	241	537	(int64 1x1 slot 1 slot )(int64 1x1)->(int64 1x1)(int32 1x1 slot 1 slot )	0	100	0	global_step/cond/Merge@GPU-0@(int64 1x1 slot 1 slot )(int64 1x1)->(int64 1x1)(int32 1x1 slot 1 slot )
gradients/sparse_softmax_cross_entropy_loss/Sum_grad/Tile	Tile	GPU-0	0	238	238	(1x1)(int32 1x1)->(100x1)	100	100	0	gradients/sparse_softmax_cross_entropy_loss/Sum_grad/Tile@GPU-0@(1x1)(int32 1x1)->(100x1)
Adam/value	Const	GPU-0	49	234	386	(no input)->(int64 1x1)	0	100	0	Adam/value@GPU-0@(no input)->(int64 1x1)
sparse_softmax_cross_entropy_loss/Sum	Sum	GPU-0	0	233	233	(100x1)(1)->(1x1)	100	100	0	sparse_softmax_cross_entropy_loss/Sum@GPU-0@(100x1)(1)->(1x1)
sparse_softmax_cross_entropy_loss/div	RealDiv	GPU-0	0	228	228	(1x1)(1x1)->(1x1)	100	100	0	sparse_softmax_cross_entropy_loss/div@GPU-0@(1x1)(1x1)->(1x1)
gradients/sparse_softmax_cross_entropy_loss/xentropy/xentropy_grad/ExpandDims	ExpandDims	GPU-0	15	211	331	(100x1)(int32 1x1)->(100x1)	0	100	0	gradients/sparse_softmax_cross_entropy_loss/xentropy/xentropy_grad/ExpandDims@GPU-0@(100x1)(int32 1x1)->(100x1)
global_step	VariableV2	GPU-0	22	200	339	(no input)->(int64 1x1)	0	100	0	global_step@GPU-0@(no input)->(int64 1x1)
gradients/sparse_softmax_cross_entropy_loss/value_grad/Select	Select	GPU-0	0	198	198	(boolean 1x1)(1x1)(1x1)->(1x1)	100	100	0	gradients/sparse_softmax_cross_entropy_loss/value_grad/Select@GPU-0@(boolean 1x1)(1x1)(1x1)->(1x1)
Adam/mul	Mul	GPU-0	0	197	197	(1x1)(1x1)->(1x1)	100	100	0	Adam/mul@GPU-0@(1x1)(1x1)->(1x1)
sequential/conv2d_1/Conv2D/ReadVariableOp	ReadVariableOp	GPU-0	24	196	406	(tf_resource 1x1)->(5x5x32x64)	0	100	0	sequential/conv2d_1/Conv2D/ReadVariableOp@GPU-0@(tf_resource 1x1)->(5x5x32x64)
conv2d/bias/Adam	VarHandleOp	GPU-0	38	190	475	(no input)->(tf_resource 1x1)	0	100	0	conv2d/bias/Adam@GPU-0@(no input)->(tf_resource 1x1)
sequential/dense_1/BiasAdd	BiasAdd	GPU-0	0	189	189	(100x10)(10x1)->(100x10)	100	100	0	sequential/dense_1/BiasAdd@GPU-0@(100x10)(10x1)->(100x10)
gradients/sequential/dropout/dropout/div_grad/Sum	Sum	GPU-0	36	186	347	(100x1024)(int32 1x1)(int32 2x1 slot 1 slot )->(100x1024)	0	100	0	gradients/sequential/dropout/dropout/div_grad/Sum@GPU-0@(100x1024)(int32 1x1)(int32 2x1 slot 1 slot )->(100x1024)
sparse_softmax_cross_entropy_loss/num_present/broadcast_weights/ones_like	Fill	GPU-0	0	181	181	(int32 1x1)(1x1)->(100x1)	99	99	0	sparse_softmax_cross_entropy_loss/num_present/broadcast_weights/ones_like@GPU-0@(int32 1x1)(1x1)->(100x1)
sparse_softmax_cross_entropy_loss/Greater	Greater	GPU-0	0	180	180	(1x1)(1|2|3x1)->(boolean 1x1)	100	100	0	sparse_softmax_cross_entropy_loss/Greater@GPU-0@(1x1)(1|2|3x1)->(boolean 1x1)
Adam	AssignAdd	GPU-0	0	180	180	(int64 1x1)(int64 1x1)->(int64 1x1)	100	100	0	Adam@GPU-0@(int64 1x1)(int64 1x1)->(int64 1x1)
sequential/conv2d_1/BiasAdd/ReadVariableOp	ReadVariableOp	GPU-0	27	170	345	(tf_resource 1x1)->(64x1)	0	100	0	sequential/conv2d_1/BiasAdd/ReadVariableOp@GPU-0@(tf_resource 1x1)->(64x1)
gradients/sparse_softmax_cross_entropy_loss/div_grad/RealDiv	RealDiv	GPU-0	0	170	170	(1x1)(1x1)->(1x1)	100	100	0	gradients/sparse_softmax_cross_entropy_loss/div_grad/RealDiv@GPU-0@(1x1)(1x1)->(1x1)
sparse_softmax_cross_entropy_loss/Select	Select	GPU-0	0	168	168	(boolean 1x1)(1|2|3x1)(1x1)->(1x1)	100	100	0	sparse_softmax_cross_entropy_loss/Select@GPU-0@(boolean 1x1)(1|2|3x1)(1x1)->(1x1)
sequential/dropout/dropout/keep_prob	Const	GPU-0	16	167	301	(no input)->(1x1)	0	100	0	sequential/dropout/dropout/keep_prob@GPU-0@(no input)->(1x1)
gradients/sparse_softmax_cross_entropy_loss/Sum_grad/Shape	Shape	GPU-0	27	167	326	(100x1)->(int32 1x1)	0	100	0	gradients/sparse_softmax_cross_entropy_loss/Sum_grad/Shape@GPU-0@(100x1)->(int32 1x1)
sparse_softmax_cross_entropy_loss/Equal	Equal	GPU-0	0	167	167	(1x1)(1|2|3x1)->(boolean 1x1)	100	100	0	sparse_softmax_cross_entropy_loss/Equal@GPU-0@(1x1)(1|2|3x1)->(boolean 1x1)
sequential/dropout/dropout/random_uniform/mul	Snapshot	GPU-0	35	167	318	(100x1024)->(100x1024)	0	100	0	sequential/dropout/dropout/random_uniform/mul@GPU-0@(100x1024)->(100x1024)
sequential/dense_1/MatMul/ReadVariableOp	ReadVariableOp	GPU-0	30	166	345	(tf_resource 1x1)->(1024x10)	0	100	0	sequential/dense_1/MatMul/ReadVariableOp@GPU-0@(tf_resource 1x1)->(1024x10)
sparse_softmax_cross_entropy_loss/num_present	Sum	GPU-0	0	166	166	(100x1)(1)->(1x1)	100	100	0	sparse_softmax_cross_entropy_loss/num_present@GPU-0@(100x1)(1)->(1x1)
sparse_softmax_cross_entropy_loss/value	Select	GPU-0	0	165	165	(boolean 1x1)(1x1)(1|2|3x1)->(1x1)	100	100	0	sparse_softmax_cross_entropy_loss/value@GPU-0@(boolean 1x1)(1x1)(1|2|3x1)->(1x1)
Adam/learning_rate	Const	GPU-0	18	164	306	(no input)->(1x1)	0	100	0	Adam/learning_rate@GPU-0@(no input)->(1x1)
Adam/mul_1	Mul	GPU-0	0	161	161	(1x1)(1x1)->(1x1)	100	100	0	Adam/mul_1@GPU-0@(1x1)(1x1)->(1x1)
sequential/conv2d/BiasAdd/ReadVariableOp	ReadVariableOp	GPU-0	32	160	332	(tf_resource 1x1)->(32x1)	0	100	0	sequential/conv2d/BiasAdd/ReadVariableOp@GPU-0@(tf_resource 1x1)->(32x1)
gradients/sequential/flatten/Reshape_grad/Reshape	Reshape	GPU-0	56	160	425	(100x3136)(int32 4x1)->(100x64x7x7)	0	100	0	gradients/sequential/flatten/Reshape_grad/Reshape@GPU-0@(100x3136)(int32 4x1)->(100x64x7x7)
sequential/dense/MatMul/ReadVariableOp	ReadVariableOp	GPU-0	22	160	364	(tf_resource 1x1)->(3136x1024)	0	100	0	sequential/dense/MatMul/ReadVariableOp@GPU-0@(tf_resource 1x1)->(3136x1024)
gradients/sparse_softmax_cross_entropy_loss/Sum_grad/Reshape/shape	Const	GPU-0	16	160	406	(no input)->(int32 1x1)	0	100	0	gradients/sparse_softmax_cross_entropy_loss/Sum_grad/Reshape/shape@GPU-0@(no input)->(int32 1x1)
gradients/sparse_softmax_cross_entropy_loss/Mul_grad/Sum	Sum	GPU-0	32	159	304	(100x1)(int32 1x1)(int32 1x1 slot 1 slot )->(100x1)	0	100	0	gradients/sparse_softmax_cross_entropy_loss/Mul_grad/Sum@GPU-0@(100x1)(int32 1x1)(int32 1x1 slot 1 slot )->(100x1)
Adam/beta1	Const	GPU-0	23	157	287	(no input)->(1x1)	0	100	0	Adam/beta1@GPU-0@(no input)->(1x1)
beta2_power	VariableV2	GPU-0	22	156	277	(no input)->(1x1)	0	100	0	beta2_power@GPU-0@(no input)->(1x1)
sequential/flatten/Reshape	Reshape	GPU-0	22	156	369	(100x64x7x7)(int32 2x1)->(100x3136)	0	100	0	sequential/flatten/Reshape@GPU-0@(100x64x7x7)(int32 2x1)->(100x3136)
Adam/epsilon	Const	GPU-0	25	156	311	(no input)->(1x1)	0	100	0	Adam/epsilon@GPU-0@(no input)->(1x1)
sequential/dense_1/BiasAdd/ReadVariableOp	ReadVariableOp	GPU-0	43	153	375	(tf_resource 1x1)->(10x1)	0	100	0	sequential/dense_1/BiasAdd/ReadVariableOp@GPU-0@(tf_resource 1x1)->(10x1)
sparse_softmax_cross_entropy_loss/num_present/broadcast_weights/ones_like/Const	Const	GPU-0	26	151	273	(no input)->(1x1)	0	100	0	sparse_softmax_cross_entropy_loss/num_present/broadcast_weights/ones_like/Const@GPU-0@(no input)->(1x1)
global_step/Initializer/zeros	Const	GPU-0	25	142	272	(no input)->(int64 1x1)	0	100	0	global_step/Initializer/zeros@GPU-0@(no input)->(int64 1x1)
sequential/dense/BiasAdd/ReadVariableOp	ReadVariableOp	GPU-0	36	141	304	(tf_resource 1x1)->(1024x1)	0	100	0	sequential/dense/BiasAdd/ReadVariableOp@GPU-0@(tf_resource 1x1)->(1024x1)
gradients/sparse_softmax_cross_entropy_loss/Mul_grad/Mul	Snapshot	GPU-0	41	141	300	(100x1)->(100x1)	0	100	0	gradients/sparse_softmax_cross_entropy_loss/Mul_grad/Mul@GPU-0@(100x1)->(100x1)
ConstantFolding/gradients/sequential/conv2d/Conv2D_grad/ShapeN-matshapes-1	Const	GPU-0	73	137	375	(no input)->(int32 4x1)	0	100	0	ConstantFolding/gradients/sequential/conv2d/Conv2D_grad/ShapeN-matshapes-1@GPU-0@(no input)->(int32 4x1)
gradients/sparse_softmax_cross_entropy_loss/value_grad/zeros_like	Const	GPU-0	22	135	266	(no input)->(1x1)	0	100	0	gradients/sparse_softmax_cross_entropy_loss/value_grad/zeros_like@GPU-0@(no input)->(1x1)
global_step/cond/Switch_1	Switch	GPU-0	42	134	325	(int64 1x1)(boolean 1x1)->(int64 1x1 slot 1 slot )	0	100	0	global_step/cond/Switch_1@GPU-0@(int64 1x1)(boolean 1x1)->(int64 1x1 slot 1 slot )
Adam/beta2	Const	GPU-0	25	131	290	(no input)->(1x1)	0	100	0	Adam/beta2@GPU-0@(no input)->(1x1)
ConstantFolding/gradients/sequential/dropout/dropout/div_grad/RealDiv_recip	Const	GPU-0	29	130	307	(no input)->(1x1)	0	100	0	ConstantFolding/gradients/sequential/dropout/dropout/div_grad/RealDiv_recip@GPU-0@(no input)->(1x1)
gradients/Fill	Const	GPU-0	18	124	257	(no input)->(1x1)	0	100	0	gradients/Fill@GPU-0@(no input)->(1x1)
ConstantFolding/gradients/sequential/conv2d_1/Conv2D_grad/ShapeN-matshapes-1	Const	GPU-0	56	123	319	(no input)->(int32 4x1)	0	100	0	ConstantFolding/gradients/sequential/conv2d_1/Conv2D_grad/ShapeN-matshapes-1@GPU-0@(no input)->(int32 4x1)
gradients/sparse_softmax_cross_entropy_loss/Sum_grad/Reshape	Reshape	GPU-0	59	123	315	(1x1)(int32 1x1)->(1x1)	0	100	0	gradients/sparse_softmax_cross_entropy_loss/Sum_grad/Reshape@GPU-0@(1x1)(int32 1x1)->(1x1)
conv2d/bias/Adam_1	VarHandleOp	GPU-0	33	121	301	(no input)->(tf_resource 1x1)	0	100	0	conv2d/bias/Adam_1@GPU-0@(no input)->(tf_resource 1x1)
sparse_softmax_cross_entropy_loss/num_present/broadcast_weights	Snapshot	GPU-0	33	120	268	(100x1)->(100x1)	0	100	0	sparse_softmax_cross_entropy_loss/num_present/broadcast_weights@GPU-0@(100x1)->(100x1)
conv2d_1/bias/Adam	VarHandleOp	GPU-0	27	118	278	(no input)->(tf_resource 1x1)	0	100	0	conv2d_1/bias/Adam@GPU-0@(no input)->(tf_resource 1x1)
beta1_power/read	Identity	GPU-0	49	116	288	(1x1)->(1x1)	0	100	0	beta1_power/read@GPU-0@(1x1)->(1x1)
conv2d/kernel/Adam_1	VarHandleOp	GPU-0	23	114	253	(no input)->(tf_resource 1x1)	0	100	0	conv2d/kernel/Adam_1@GPU-0@(no input)->(tf_resource 1x1)
dense_1/bias/Adam_1	VarHandleOp	GPU-0	36	114	256	(no input)->(tf_resource 1x1)	0	100	0	dense_1/bias/Adam_1@GPU-0@(no input)->(tf_resource 1x1)
dense/bias/Adam	VarHandleOp	GPU-0	24	113	254	(no input)->(tf_resource 1x1)	0	100	0	dense/bias/Adam@GPU-0@(no input)->(tf_resource 1x1)
conv2d_1/kernel/Adam_1	VarHandleOp	GPU-0	30	113	242	(no input)->(tf_resource 1x1)	0	100	0	conv2d_1/kernel/Adam_1@GPU-0@(no input)->(tf_resource 1x1)
gradients/sparse_softmax_cross_entropy_loss/Mul_grad/Reshape	Reshape	GPU-0	16	108	277	(100x1)(1|2|3x1)->(100x1)	0	99	0	gradients/sparse_softmax_cross_entropy_loss/Mul_grad/Reshape@GPU-0@(100x1)(1|2|3x1)->(100x1)
conv2d_1/kernel/Adam	VarHandleOp	GPU-0	38	108	281	(no input)->(tf_resource 1x1)	0	100	0	conv2d_1/kernel/Adam@GPU-0@(no input)->(tf_resource 1x1)
conv2d/kernel/Adam	VarHandleOp	GPU-0	30	107	251	(no input)->(tf_resource 1x1)	0	100	0	conv2d/kernel/Adam@GPU-0@(no input)->(tf_resource 1x1)
dense/kernel/Adam	VarHandleOp	GPU-0	20	106	233	(no input)->(tf_resource 1x1)	0	100	0	dense/kernel/Adam@GPU-0@(no input)->(tf_resource 1x1)
dense/kernel/Adam_1	VarHandleOp	GPU-0	23	105	219	(no input)->(tf_resource 1x1)	0	100	0	dense/kernel/Adam_1@GPU-0@(no input)->(tf_resource 1x1)
dense_1/bias/Adam	VarHandleOp	GPU-0	25	105	243	(no input)->(tf_resource 1x1)	0	100	0	dense_1/bias/Adam@GPU-0@(no input)->(tf_resource 1x1)
conv2d_1/bias/Adam_1	VarHandleOp	GPU-0	27	105	235	(no input)->(tf_resource 1x1)	0	100	0	conv2d_1/bias/Adam_1@GPU-0@(no input)->(tf_resource 1x1)
_SOURCE	NoOp	CPU-0	90	102	441	(no input)->(no output info)	0	100	0	_SOURCE@CPU-0@(no input)->(no output info)
_retval_sparse_softmax_cross_entropy_loss/value_0_1	_Retval	CPU-0	49	101	326	(1x1)->(no output info)	0	99	0	_retval_sparse_softmax_cross_entropy_loss/value_0_1@CPU-0@(1x1)->(no output info)
gradients/sequential/dropout/dropout/div_grad/Reshape	Reshape	GPU-0	35	101	343	(100x1024)(int32 2x1)->(100x1024)	0	100	0	gradients/sequential/dropout/dropout/div_grad/Reshape@GPU-0@(100x1024)(int32 2x1)->(100x1024)
dense_1/kernel/Adam	VarHandleOp	GPU-0	25	101	232	(no input)->(tf_resource 1x1)	0	100	0	dense_1/kernel/Adam@GPU-0@(no input)->(tf_resource 1x1)
global_step/add/MEMCPYDtoD	MEMCPYDtoD	GPU-0	0	100	100	(Transfer)->(8 bytes)	0	0	100	global_step/add/MEMCPYDtoD@GPU-0@(Transfer)->(8 bytes)
Adam/Assign/MEMCPYDtoD	MEMCPYDtoD	GPU-0	0	100	100	(Transfer)->(4 bytes)	0	0	100	Adam/Assign/MEMCPYDtoD@GPU-0@(Transfer)->(4 bytes)
Adam/Assign_1/MEMCPYDtoD	MEMCPYDtoD	GPU-0	0	100	100	(Transfer)->(4 bytes)	0	0	100	Adam/Assign_1/MEMCPYDtoD@GPU-0@(Transfer)->(4 bytes)
edge_81_IteratorGetNext/MEMCPYHtoD	MEMCPYHtoD	GPU-0	0	99	99	(Transfer)->(400 bytes)	0	0	99	edge_81_IteratorGetNext/MEMCPYHtoD@GPU-0@(Transfer)->(400 bytes)
edge_342_sparse_softmax_cross_entropy_loss/value/MEMCPYDtoH	MEMCPYDtoH	GPU-0	0	99	99	(Transfer)->(4 bytes)	0	0	99	edge_342_sparse_softmax_cross_entropy_loss/value/MEMCPYDtoH@GPU-0@(Transfer)->(4 bytes)
edge_340_global_step/add/MEMCPYDtoH	MEMCPYDtoH	GPU-0	0	99	99	(Transfer)->(8 bytes)	0	0	99	edge_340_global_step/add/MEMCPYDtoH@GPU-0@(Transfer)->(8 bytes)
sequential/reshape/strided_slice/stack	Const	GPU-0	26	96	286	(no input)->(int32 1x1)	0	99	0	sequential/reshape/strided_slice/stack@GPU-0@(no input)->(int32 1x1)
dense_1/bias	VarHandleOp	GPU-0	21	95	227	(no input)->(tf_resource 1x1)	0	100	0	dense_1/bias@GPU-0@(no input)->(tf_resource 1x1)
sequential/reshape/Reshape/shape/1	Const	GPU-0	23	94	228	(no input)->(int32 1x1)	0	100	0	sequential/reshape/Reshape/shape/1@GPU-0@(no input)->(int32 1x1)
sparse_softmax_cross_entropy_loss/Mul	Snapshot	GPU-0	23	94	245	(100x1)(100x10 slot 1 slot )->(100x1)	0	100	0	sparse_softmax_cross_entropy_loss/Mul@GPU-0@(100x1)(100x10 slot 1 slot )->(100x1)
global_step/cond/read/Switch	RefSwitch	GPU-0	33	93	479	(int64 1x1)(boolean 1x1)->(int64 1x1 slot 1 slot )	0	100	0	global_step/cond/read/Switch@GPU-0@(int64 1x1)(boolean 1x1)->(int64 1x1 slot 1 slot )
conv2d_1/kernel	VarHandleOp	GPU-0	27	93	219	(no input)->(tf_resource 1x1)	0	100	0	conv2d_1/kernel@GPU-0@(no input)->(tf_resource 1x1)
gradients/sparse_softmax_cross_entropy_loss/xentropy/xentropy_grad/ExpandDims/dim	Const	GPU-0	26	92	235	(no input)->(int32 1x1)	0	100	0	gradients/sparse_softmax_cross_entropy_loss/xentropy/xentropy_grad/ExpandDims/dim@GPU-0@(no input)->(int32 1x1)
dense/kernel	VarHandleOp	GPU-0	25	92	223	(no input)->(tf_resource 1x1)	0	100	0	dense/kernel@GPU-0@(no input)->(tf_resource 1x1)
dense/bias/Adam_1	VarHandleOp	GPU-0	30	90	237	(no input)->(tf_resource 1x1)	0	100	0	dense/bias/Adam_1@GPU-0@(no input)->(tf_resource 1x1)
beta2_power/read	Identity	GPU-0	41	87	261	(1x1)->(1x1)	0	100	0	beta2_power/read@GPU-0@(1x1)->(1x1)
sequential/reshape/Reshape/shape/2	Const	GPU-0	31	87	269	(no input)->(int32 1x1)	0	100	0	sequential/reshape/Reshape/shape/2@GPU-0@(no input)->(int32 1x1)
dense_1/kernel/Adam_1	VarHandleOp	GPU-0	28	85	210	(no input)->(tf_resource 1x1)	0	100	0	dense_1/kernel/Adam_1@GPU-0@(no input)->(tf_resource 1x1)
conv2d_1/bias	VarHandleOp	GPU-0	25	82	198	(no input)->(tf_resource 1x1)	0	100	0	conv2d_1/bias@GPU-0@(no input)->(tf_resource 1x1)
conv2d/kernel	VarHandleOp	GPU-0	23	82	215	(no input)->(tf_resource 1x1)	0	100	0	conv2d/kernel@GPU-0@(no input)->(tf_resource 1x1)
_retval_global_step/add_0_0	_Retval	CPU-0	42	80	210	(int64 1x1)->(no output info)	0	99	0	_retval_global_step/add_0_0@CPU-0@(int64 1x1)->(no output info)
dense/bias	VarHandleOp	GPU-0	25	78	244	(no input)->(tf_resource 1x1)	0	100	0	dense/bias@GPU-0@(no input)->(tf_resource 1x1)
dense_1/kernel	VarHandleOp	GPU-0	25	76	201	(no input)->(tf_resource 1x1)	0	100	0	dense_1/kernel@GPU-0@(no input)->(tf_resource 1x1)
sequential/dropout/dropout/random_uniform	Snapshot	GPU-0	24	74	216	(100x1024)->(100x1024)	0	100	0	sequential/dropout/dropout/random_uniform@GPU-0@(100x1024)->(100x1024)
conv2d/bias	VarHandleOp	GPU-0	29	74	234	(no input)->(tf_resource 1x1)	0	100	0	conv2d/bias@GPU-0@(no input)->(tf_resource 1x1)
loss	ScalarSummary	CPU-0	0	10	13	(string 1x1)(1x1)->(string 1x1)	0	1	0	loss@CPU-0@(string 1x1)(1x1)->(string 1x1)
Merge/MergeSummary	MergeSummary	CPU-0	0	9	12	(string 1x1)(string 1x1)->(string 1x1)	0	1	0	Merge/MergeSummary@CPU-0@(string 1x1)(string 1x1)->(string 1x1)
train_accuracy_1/tags	Const	CPU-0	0	7	9	(no input)->(string 1x1)	0	1	0	train_accuracy_1/tags@CPU-0@(no input)->(string 1x1)
Equal	Equal	GPU-0	1	7	12	(int32 100x1)(100x784)(int32 100x1 slot 1 slot )->(boolean 100x1)	0	1	0	Equal@GPU-0@(int32 100x1)(100x784)(int32 100x1 slot 1 slot )->(boolean 100x1)
train_accuracy_1	ScalarSummary	CPU-0	1	6	11	(string 1x1)(1x1)->(string 1x1)	0	1	0	train_accuracy_1@CPU-0@(string 1x1)(1x1)->(string 1x1)
ArgMax	ArgMax	GPU-0	0	5	5	(100x10)(int32 1x1)->(int64 100x1)	1	1	0	ArgMax@GPU-0@(100x10)(int32 1x1)->(int64 100x1)
gradients/sparse_softmax_cross_entropy_loss/Mul_grad/BroadcastGradientArgs	BroadcastGradientArgs	GPU-0	0	3	6	(int32 1x1)(int32 1x1)->(int32 1x1)(int32 1x1 slot 1 slot )	0	1	0	gradients/sparse_softmax_cross_entropy_loss/Mul_grad/BroadcastGradientArgs@GPU-0@(int32 1x1)(int32 1x1)->(int32 1x1)(int32 1x1 slot 1 slot )
accuracy/truediv_1	RealDiv	GPU-0	0	3	3	(1x1)(1x1)->(1x1)	1	1	0	accuracy/truediv_1@GPU-0@(1x1)(1x1)->(1x1)
gradients/sparse_softmax_cross_entropy_loss/Mul_grad/Shape	Shape	GPU-0	0	3	4	(100x1)(100x10 slot 1 slot )->(int32 1x1)	0	1	0	gradients/sparse_softmax_cross_entropy_loss/Mul_grad/Shape@GPU-0@(100x1)(100x10 slot 1 slot )->(int32 1x1)
accuracy/total	VariableV2	GPU-0	0	2	3	(no input)->(1x1)	0	1	0	accuracy/total@GPU-0@(no input)->(1x1)
accuracy/Sum	Sum	GPU-0	0	2	2	(100x1)(int32 1x1)->(1x1)	1	1	0	accuracy/Sum@GPU-0@(100x1)(int32 1x1)->(1x1)
sparse_softmax_cross_entropy_loss/num_present/broadcast_weights/ones_like	Fill	GPU-0	0	2	2	(1|2|3x1)(1x1)->(100x1)	1	1	0	sparse_softmax_cross_entropy_loss/num_present/broadcast_weights/ones_like@GPU-0@(1|2|3x1)(1x1)->(100x1)
ToFloat	Cast	GPU-0	0	2	2	(boolean 100x1)->(100x1)	1	1	0	ToFloat@GPU-0@(boolean 100x1)->(100x1)
accuracy/Greater_1	Greater	GPU-0	0	2	2	(1x1)(1x1)->(boolean 1x1)	1	1	0	accuracy/Greater_1@GPU-0@(1x1)(1x1)->(boolean 1x1)
accuracy/count	VariableV2	GPU-0	0	2	3	(no input)->(1x1)	0	1	0	accuracy/count@GPU-0@(no input)->(1x1)
Cast	Cast	GPU-0	0	2	2	(int64 100x1)->(int32 100x1)	1	1	0	Cast@GPU-0@(int64 100x1)->(int32 100x1)
accuracy/Size	Size	GPU-0	1	2	5	(100x1)->(int32 1x1)	0	1	0	accuracy/Size@GPU-0@(100x1)->(int32 1x1)
edge_140_sparse_softmax_cross_entropy_loss/value/MEMCPYDtoH	MEMCPYDtoH	GPU-0	0	1	1	(Transfer)->(4 bytes)	0	0	1	edge_140_sparse_softmax_cross_entropy_loss/value/MEMCPYDtoH@GPU-0@(Transfer)->(4 bytes)
accuracy/AssignAdd	AssignAdd	GPU-0	0	1	1	(1x1)(1x1)->(1x1)	1	1	0	accuracy/AssignAdd@GPU-0@(1x1)(1x1)->(1x1)
_retval_learning_rate_0_4	_Retval	CPU-0	0	1	2	(1x1)->(no output info)	0	1	0	_retval_learning_rate_0_4@CPU-0@(1x1)->(no output info)
edge_379_cross_entropy/MEMCPYDtoH	MEMCPYDtoH	GPU-0	0	1	1	(Transfer)->(4 bytes)	0	0	1	edge_379_cross_entropy/MEMCPYDtoH@GPU-0@(Transfer)->(4 bytes)
accuracy/ToFloat_1	Cast	GPU-0	0	1	1	(int32 1x1)->(1x1)	1	1	0	accuracy/ToFloat_1@GPU-0@(int32 1x1)->(1x1)
edge_83_IteratorGetNext/MEMCPYHtoD	MEMCPYHtoD	GPU-0	0	1	1	(Transfer)->(400 bytes)	0	0	1	edge_83_IteratorGetNext/MEMCPYHtoD@GPU-0@(Transfer)->(400 bytes)
cross_entropy	Identity	GPU-0	0	1	3	(1x1)->(1x1)	0	1	0	cross_entropy@GPU-0@(1x1)->(1x1)
edge_106_accuracy/Size/MEMCPYHtoD	MEMCPYHtoD	GPU-0	0	1	1	(Transfer)->(4 bytes)	0	0	1	edge_106_accuracy/Size/MEMCPYHtoD@GPU-0@(Transfer)->(4 bytes)
loss/tags	Const	CPU-0	0	1	2	(no input)->(string 1x1)	0	1	0	loss/tags@CPU-0@(no input)->(string 1x1)
_retval_global_step_0_3	_Retval	CPU-0	1	1	2	(int64 1x1)->(no output info)	0	1	0	_retval_global_step_0_3@CPU-0@(int64 1x1)->(no output info)
_retval_global_step/add_0_2	_Retval	CPU-0	1	1	3	(int64 1x1)->(no output info)	0	1	0	_retval_global_step/add_0_2@CPU-0@(int64 1x1)->(no output info)
edge_389_train_accuracy/MEMCPYDtoH	MEMCPYDtoH	GPU-0	0	1	1	(Transfer)->(4 bytes)	0	0	1	edge_389_train_accuracy/MEMCPYDtoH@GPU-0@(Transfer)->(4 bytes)
_retval_train_accuracy_0_6	_Retval	CPU-0	1	1	3	(1x1)->(no output info)	0	1	0	_retval_train_accuracy_0_6@CPU-0@(1x1)->(no output info)
_retval_Merge/MergeSummary_0_0	_Retval	CPU-0	0	1	2	(string 1x1)->(no output info)	0	1	0	_retval_Merge/MergeSummary_0_0@CPU-0@(string 1x1)->(no output info)
gradients/sparse_softmax_cross_entropy_loss/Mul_grad/Reshape	Reshape	GPU-0	0	1	2	(100x1)(int32 1x1)->(100x1)	0	1	0	gradients/sparse_softmax_cross_entropy_loss/Mul_grad/Reshape@GPU-0@(100x1)(int32 1x1)->(100x1)
edge_137_accuracy/update_op/MEMCPYDtoH	MEMCPYDtoH	GPU-0	0	1	1	(Transfer)->(4 bytes)	0	0	1	edge_137_accuracy/update_op/MEMCPYDtoH@GPU-0@(Transfer)->(4 bytes)
train_accuracy	Identity	GPU-0	0	1	3	(1x1)->(1x1)	0	1	0	train_accuracy@GPU-0@(1x1)->(1x1)
accuracy/AssignAdd_1	AssignAdd	GPU-0	0	1	1	(1x1)(1x1)->(1x1)	1	1	0	accuracy/AssignAdd_1@GPU-0@(1x1)(1x1)->(1x1)
accuracy/update_op	Select	GPU-0	0	1	1	(boolean 1x1)(1x1)(1x1)->(1x1)	1	1	0	accuracy/update_op@GPU-0@(boolean 1x1)(1x1)(1x1)->(1x1)
edge_383_global_step/MEMCPYDtoH	MEMCPYDtoH	GPU-0	0	1	1	(Transfer)->(8 bytes)	0	0	1	edge_383_global_step/MEMCPYDtoH@GPU-0@(Transfer)->(8 bytes)
edge_381_global_step/add/MEMCPYDtoH	MEMCPYDtoH	GPU-0	0	1	1	(Transfer)->(8 bytes)	0	0	1	edge_381_global_step/add/MEMCPYDtoH@GPU-0@(Transfer)->(8 bytes)
learning_rate	Const	GPU-0	0	1	2	(no input)->(1x1)	0	1	0	learning_rate@GPU-0@(no input)->(1x1)
_retval_sparse_softmax_cross_entropy_loss/value_0_5	_Retval	CPU-0	1	1	3	(1x1)->(no output info)	0	1	0	_retval_sparse_softmax_cross_entropy_loss/value_0_5@CPU-0@(1x1)->(no output info)
edge_97_Equal/MEMCPYHtoD	MEMCPYHtoD	GPU-0	0	1	1	(Transfer)->(100 bytes)	0	0	1	edge_97_Equal/MEMCPYHtoD@GPU-0@(Transfer)->(100 bytes)
_retval_cross_entropy_0_1	_Retval	CPU-0	0	1	1	(1x1)->(no output info)	0	1	0	_retval_cross_entropy_0_1@CPU-0@(1x1)->(no output info)
edge_385_learning_rate/MEMCPYDtoH	MEMCPYDtoH	GPU-0	0	1	1	(Transfer)->(4 bytes)	0	0	1	edge_385_learning_rate/MEMCPYDtoH@GPU-0@(Transfer)->(4 bytes)
edge_88_Cast/MEMCPYDtoH	MEMCPYDtoH	GPU-0	0	1	1	(Transfer)->(400 bytes)	0	0	1	edge_88_Cast/MEMCPYDtoH@GPU-0@(Transfer)->(400 bytes)
accuracy/Const	Const	GPU-0	1	0	2	(no input)->(int32 1x1)	0	1	0	accuracy/Const@GPU-0@(no input)->(int32 1x1)
