ConstantFolding/gradients/conv1/Conv2D_grad/ShapeN-matshapes-1	/job:localhost/replica:0/task:0/device:GPU:0	0	1	2	['(int32 4x1)']	ConstantFolding/gradients/conv1/Conv2D_grad/ShapeN-matshapes-1 = Const(^conv1/weights/read, ^Variable/read)
ConstantFolding/gradients/conv2/Conv2D_grad/ShapeN-matshapes-1	/job:localhost/replica:0/task:0/device:GPU:0	0	1	2	['(int32 4x1)']	ConstantFolding/gradients/conv2/Conv2D_grad/ShapeN-matshapes-1 = Const(^conv2/weights/read, ^pool1)
ConstantFolding/gradients/conv3/Conv2D_grad/ShapeN-matshapes-1	/job:localhost/replica:0/task:0/device:GPU:0	0	1	2	['(int32 4x1)']	ConstantFolding/gradients/conv3/Conv2D_grad/ShapeN-matshapes-1 = Const(^conv3/weights/read, ^pool2)
ConstantFolding/gradients/conv4/Conv2D_grad/ShapeN-matshapes-1	/job:localhost/replica:0/task:0/device:GPU:0	0	1	2	['(int32 4x1)']	ConstantFolding/gradients/conv4/Conv2D_grad/ShapeN-matshapes-1 = Const(^conv4/weights/read, ^conv3)
ConstantFolding/gradients/conv5/Conv2D_grad/ShapeN-matshapes-1	/job:localhost/replica:0/task:0/device:GPU:0	1	1	2	['(int32 4x1)']	ConstantFolding/gradients/conv5/Conv2D_grad/ShapeN-matshapes-1 = Const(^conv5/weights/read, ^conv4)
PermConstNCHWToNHWC-LayoutOptimizer	/job:localhost/replica:0/task:0/device:GPU:0	0	2	18	['(int32 4x1)']	PermConstNCHWToNHWC-LayoutOptimizer = Const()
PermConstNHWCToNCHW-LayoutOptimizer	/job:localhost/replica:0/task:0/device:GPU:0	1	2	3	['(int32 4x1)']	PermConstNHWCToNCHW-LayoutOptimizer = Const()
Variable	/job:localhost/replica:0/task:0/device:GPU:0	0	4	6	['(128x224x224x3)']	Variable = VariableV2()
Variable/read	/job:localhost/replica:0/task:0/device:GPU:0	0	1	2	['(128x224x224x3)']	Variable/read = Identity(Variable)
_SOURCE	/job:localhost/replica:0/task:0/device:CPU:0	1	2	7	['(no output info)']	_SOURCE = NoOp()
_SOURCE	/job:localhost/replica:0/task:0/device:GPU:0	4	8	12	['(no output info)']	_SOURCE = NoOp()
_retval_gradients/conv1/BiasAdd_grad/BiasAddGrad_0_0	/job:localhost/replica:0/task:0/device:CPU:0	1	3	4	['(no output info)']	_retval_gradients/conv1/BiasAdd_grad/BiasAddGrad_0_0 = _Retval(gradients/conv1/BiasAdd_grad/BiasAddGrad/_1)
_retval_gradients/conv1/Conv2D_grad/Conv2DBackpropFilter_0_1	/job:localhost/replica:0/task:0/device:CPU:0	1	2	5	['(no output info)']	_retval_gradients/conv1/Conv2D_grad/Conv2DBackpropFilter_0_1 = _Retval(gradients/conv1/Conv2D_grad/Conv2DBackpropFilter/_3)
_retval_gradients/conv2/BiasAdd_grad/BiasAddGrad_0_2	/job:localhost/replica:0/task:0/device:CPU:0	2	4	6	['(no output info)']	_retval_gradients/conv2/BiasAdd_grad/BiasAddGrad_0_2 = _Retval(gradients/conv2/BiasAdd_grad/BiasAddGrad/_5)
_retval_gradients/conv2/Conv2D_grad/Conv2DBackpropFilter_0_3	/job:localhost/replica:0/task:0/device:CPU:0	1	1	1	['(no output info)']	_retval_gradients/conv2/Conv2D_grad/Conv2DBackpropFilter_0_3 = _Retval(gradients/conv2/Conv2D_grad/Conv2DBackpropFilter/_7)
_retval_gradients/conv3/BiasAdd_grad/BiasAddGrad_0_4	/job:localhost/replica:0/task:0/device:CPU:0	1	2	4	['(no output info)']	_retval_gradients/conv3/BiasAdd_grad/BiasAddGrad_0_4 = _Retval(gradients/conv3/BiasAdd_grad/BiasAddGrad/_9)
_retval_gradients/conv3/Conv2D_grad/Conv2DBackpropFilter_0_5	/job:localhost/replica:0/task:0/device:CPU:0	0	1	3	['(no output info)']	_retval_gradients/conv3/Conv2D_grad/Conv2DBackpropFilter_0_5 = _Retval(gradients/conv3/Conv2D_grad/Conv2DBackpropFilter/_11)
_retval_gradients/conv4/BiasAdd_grad/BiasAddGrad_0_6	/job:localhost/replica:0/task:0/device:CPU:0	0	2	4	['(no output info)']	_retval_gradients/conv4/BiasAdd_grad/BiasAddGrad_0_6 = _Retval(gradients/conv4/BiasAdd_grad/BiasAddGrad/_13)
_retval_gradients/conv4/Conv2D_grad/Conv2DBackpropFilter_0_7	/job:localhost/replica:0/task:0/device:CPU:0	1	1	3	['(no output info)']	_retval_gradients/conv4/Conv2D_grad/Conv2DBackpropFilter_0_7 = _Retval(gradients/conv4/Conv2D_grad/Conv2DBackpropFilter/_15)
_retval_gradients/conv5/BiasAdd_grad/BiasAddGrad_0_8	/job:localhost/replica:0/task:0/device:CPU:0	1	4	6	['(no output info)']	_retval_gradients/conv5/BiasAdd_grad/BiasAddGrad_0_8 = _Retval(gradients/conv5/BiasAdd_grad/BiasAddGrad/_17)
_retval_gradients/conv5/Conv2D_grad/Conv2DBackpropFilter_0_9	/job:localhost/replica:0/task:0/device:CPU:0	1	2	3	['(no output info)']	_retval_gradients/conv5/Conv2D_grad/Conv2DBackpropFilter_0_9 = _Retval(gradients/conv5/Conv2D_grad/Conv2DBackpropFilter/_19)
conv1	/job:localhost/replica:0/task:0/device:GPU:0	0	11	12	['(128x64x56x56)']	conv1 = Relu(conv1/BiasAdd)
conv1-1-1-TransposeNCHWToNHWC-LayoutOptimizer	/job:localhost/replica:0/task:0/device:GPU:0	1	12	14	['(128x56x56x64)']	[GPU_0_bfc 98.0MB 98.0MB] conv1-1-1-TransposeNCHWToNHWC-LayoutOptimizer = Transpose(conv1, PermConstNCHWToNHWC-LayoutOptimizer)
conv1-1-1-TransposeNCHWToNHWC-LayoutOptimizer:Transpose	/device:GPU:0/stream:13	0	1360	1360	['(no output)']	
conv1-1-1-TransposeNCHWToNHWC-LayoutOptimizer:Transpose	/device:GPU:0/stream:all	0	1360	1360	['(no output)']	
conv1/BiasAdd	/job:localhost/replica:0/task:0/device:GPU:0	0	17	19	['(128x64x56x56)']	conv1/BiasAdd = BiasAdd(conv1/Conv2D, conv1/biases/read)
conv1/BiasAdd:BiasAdd	/device:GPU:0/stream:13	0	1729	1729	['(no output)']	
conv1/BiasAdd:BiasAdd	/device:GPU:0/stream:all	0	1729	1729	['(no output)']	
conv1/Conv2D	/job:localhost/replica:0/task:0/device:GPU:0	0	94	98	['(128x64x56x56)']	[GPU_0_bfc 270.3MB 270.3MB] conv1/Conv2D = Conv2D(conv1/Conv2D-0-TransposeNHWCToNCHW-LayoutOptimizer, conv1/weights/read)
conv1/Conv2D-0-TransposeNHWCToNCHW-LayoutOptimizer	/job:localhost/replica:0/task:0/device:GPU:0	0	77	80	['(128x3x224x224)']	[GPU_0_bfc 73.5MB 73.5MB] conv1/Conv2D-0-TransposeNHWCToNCHW-LayoutOptimizer = Transpose(Variable/read, PermConstNHWCToNCHW-LayoutOptimizer)
conv1/Conv2D-0-TransposeNHWCToNCHW-LayoutOptimizer:Transpose	/device:GPU:0/stream:13	0	1875	1875	['(no output)']	
conv1/Conv2D-0-TransposeNHWCToNCHW-LayoutOptimizer:Transpose	/device:GPU:0/stream:all	0	1875	1875	['(no output)']	
conv1/Conv2D:Conv2D	/device:GPU:0/stream:13	0	3	3	['(no output)']	
conv1/Conv2D:Conv2D	/device:GPU:0/stream:13	0	5	5	['(no output)']	
conv1/Conv2D:Conv2D	/device:GPU:0/stream:13	0	1901	1901	['(no output)']	
conv1/Conv2D:Conv2D	/device:GPU:0/stream:13	0	6778	6778	['(no output)']	
conv1/Conv2D:Conv2D	/device:GPU:0/stream:all	0	3	3	['(no output)']	
conv1/Conv2D:Conv2D	/device:GPU:0/stream:all	0	5	5	['(no output)']	
conv1/Conv2D:Conv2D	/device:GPU:0/stream:all	0	1901	1901	['(no output)']	
conv1/Conv2D:Conv2D	/device:GPU:0/stream:all	0	6778	6778	['(no output)']	
conv1/biases	/job:localhost/replica:0/task:0/device:GPU:0	1	3	4	['(64x1)']	conv1/biases = VariableV2()
conv1/biases/read	/job:localhost/replica:0/task:0/device:GPU:0	1	1	2	['(64x1)']	conv1/biases/read = Identity(conv1/biases)
conv1/weights	/job:localhost/replica:0/task:0/device:GPU:0	1	3	5	['(11x11x3x64)']	conv1/weights = VariableV2()
conv1/weights/read	/job:localhost/replica:0/task:0/device:GPU:0	0	1	2	['(11x11x3x64)']	conv1/weights/read = Identity(conv1/weights)
conv1:Relu	/device:GPU:0/stream:13	0	1348	1348	['(no output)']	
conv1:Relu	/device:GPU:0/stream:all	0	1348	1348	['(no output)']	
conv2	/job:localhost/replica:0/task:0/device:GPU:0	0	8	10	['(128x192x27x27)']	conv2 = Relu(conv2/BiasAdd)
conv2-1-1-TransposeNCHWToNHWC-LayoutOptimizer	/job:localhost/replica:0/task:0/device:GPU:0	0	10	12	['(128x27x27x192)']	[GPU_0_bfc 69.5MB 69.5MB] conv2-1-1-TransposeNCHWToNHWC-LayoutOptimizer = Transpose(conv2, PermConstNCHWToNHWC-LayoutOptimizer)
conv2-1-1-TransposeNCHWToNHWC-LayoutOptimizer:Transpose	/device:GPU:0/stream:13	0	951	951	['(no output)']	
conv2-1-1-TransposeNCHWToNHWC-LayoutOptimizer:Transpose	/device:GPU:0/stream:all	0	951	951	['(no output)']	
conv2/BiasAdd	/job:localhost/replica:0/task:0/device:GPU:0	0	12	14	['(128x192x27x27)']	conv2/BiasAdd = BiasAdd(conv2/Conv2D, conv2/biases/read)
conv2/BiasAdd:BiasAdd	/device:GPU:0/stream:13	0	1203	1203	['(no output)']	
conv2/BiasAdd:BiasAdd	/device:GPU:0/stream:all	0	1203	1203	['(no output)']	
conv2/Conv2D	/job:localhost/replica:0/task:0/device:GPU:0	0	77	80	['(128x192x27x27)']	[GPU_0_bfc 324.9MB 324.9MB] conv2/Conv2D = Conv2D(pool1, conv2/weights/read)
conv2/Conv2D:Conv2D	/device:GPU:0/stream:13	0	38	38	['(no output)']	
conv2/Conv2D:Conv2D	/device:GPU:0/stream:13	0	532	532	['(no output)']	
conv2/Conv2D:Conv2D	/device:GPU:0/stream:18	0	431	431	['(no output)']	
conv2/Conv2D:Conv2D	/device:GPU:0/stream:18	0	1467	1467	['(no output)']	
conv2/Conv2D:Conv2D	/device:GPU:0/stream:18	0	2236	2236	['(no output)']	
conv2/Conv2D:Conv2D	/device:GPU:0/stream:all	0	38	38	['(no output)']	
conv2/Conv2D:Conv2D	/device:GPU:0/stream:all	0	431	431	['(no output)']	
conv2/Conv2D:Conv2D	/device:GPU:0/stream:all	0	532	532	['(no output)']	
conv2/Conv2D:Conv2D	/device:GPU:0/stream:all	0	1467	1467	['(no output)']	
conv2/Conv2D:Conv2D	/device:GPU:0/stream:all	0	2236	2236	['(no output)']	
conv2/biases	/job:localhost/replica:0/task:0/device:GPU:0	1	2	4	['(192x1)']	conv2/biases = VariableV2()
conv2/biases/read	/job:localhost/replica:0/task:0/device:GPU:0	0	1	1	['(192x1)']	conv2/biases/read = Identity(conv2/biases)
conv2/weights	/job:localhost/replica:0/task:0/device:GPU:0	0	3	4	['(5x5x64x192)']	conv2/weights = VariableV2()
conv2/weights/read	/job:localhost/replica:0/task:0/device:GPU:0	0	1	2	['(5x5x64x192)']	conv2/weights/read = Identity(conv2/weights)
conv2:Relu	/device:GPU:0/stream:13	0	943	943	['(no output)']	
conv2:Relu	/device:GPU:0/stream:all	0	943	943	['(no output)']	
conv3	/job:localhost/replica:0/task:0/device:GPU:0	0	8	10	['(128x384x13x13)']	conv3 = Relu(conv3/BiasAdd)
conv3-1-0-TransposeNCHWToNHWC-LayoutOptimizer	/job:localhost/replica:0/task:0/device:GPU:0	0	9	11	['(128x13x13x384)']	[GPU_0_bfc 34.2MB 34.2MB] conv3-1-0-TransposeNCHWToNHWC-LayoutOptimizer = Transpose(conv3, PermConstNCHWToNHWC-LayoutOptimizer)
conv3-1-0-TransposeNCHWToNHWC-LayoutOptimizer:Transpose	/device:GPU:0/stream:13	0	442	442	['(no output)']	
conv3-1-0-TransposeNCHWToNHWC-LayoutOptimizer:Transpose	/device:GPU:0/stream:all	0	442	442	['(no output)']	
conv3/BiasAdd	/job:localhost/replica:0/task:0/device:GPU:0	0	10	12	['(128x384x13x13)']	conv3/BiasAdd = BiasAdd(conv3/Conv2D, conv3/biases/read)
conv3/BiasAdd:BiasAdd	/device:GPU:0/stream:13	0	532	532	['(no output)']	
conv3/BiasAdd:BiasAdd	/device:GPU:0/stream:all	0	532	532	['(no output)']	
conv3/Conv2D	/job:localhost/replica:0/task:0/device:GPU:0	0	74	77	['(128x384x13x13)']	[GPU_0_bfc 284.4MB 284.4MB] conv3/Conv2D = Conv2D(pool2, conv3/weights/read)
conv3/Conv2D:Conv2D	/device:GPU:0/stream:13	0	89	89	['(no output)']	
conv3/Conv2D:Conv2D	/device:GPU:0/stream:13	0	220	220	['(no output)']	
conv3/Conv2D:Conv2D	/device:GPU:0/stream:13	0	716	716	['(no output)']	
conv3/Conv2D:Conv2D	/device:GPU:0/stream:13	0	768	768	['(no output)']	
conv3/Conv2D:Conv2D	/device:GPU:0/stream:13	0	2781	2781	['(no output)']	
conv3/Conv2D:Conv2D	/device:GPU:0/stream:18	0	377	377	['(no output)']	
conv3/Conv2D:Conv2D	/device:GPU:0/stream:all	0	89	89	['(no output)']	
conv3/Conv2D:Conv2D	/device:GPU:0/stream:all	0	220	220	['(no output)']	
conv3/Conv2D:Conv2D	/device:GPU:0/stream:all	0	377	377	['(no output)']	
conv3/Conv2D:Conv2D	/device:GPU:0/stream:all	0	716	716	['(no output)']	
conv3/Conv2D:Conv2D	/device:GPU:0/stream:all	0	768	768	['(no output)']	
conv3/Conv2D:Conv2D	/device:GPU:0/stream:all	0	2781	2781	['(no output)']	
conv3/biases	/job:localhost/replica:0/task:0/device:GPU:0	1	2	3	['(384x1)']	conv3/biases = VariableV2()
conv3/biases/read	/job:localhost/replica:0/task:0/device:GPU:0	0	1	2	['(384x1)']	conv3/biases/read = Identity(conv3/biases)
conv3/weights	/job:localhost/replica:0/task:0/device:GPU:0	1	2	4	['(3x3x192x384)']	conv3/weights = VariableV2()
conv3/weights/read	/job:localhost/replica:0/task:0/device:GPU:0	0	1	2	['(3x3x192x384)']	conv3/weights/read = Identity(conv3/weights)
conv3:Relu	/device:GPU:0/stream:13	0	435	435	['(no output)']	
conv3:Relu	/device:GPU:0/stream:all	0	435	435	['(no output)']	
conv4	/job:localhost/replica:0/task:0/device:GPU:0	1	8	10	['(128x256x13x13)']	conv4 = Relu(conv4/BiasAdd)
conv4-2-0-TransposeNCHWToNHWC-LayoutOptimizer	/job:localhost/replica:0/task:0/device:GPU:0	0	11	12	['(128x13x13x256)']	[GPU_0_bfc 24.5MB 24.5MB] conv4-2-0-TransposeNCHWToNHWC-LayoutOptimizer = Transpose(conv4, PermConstNCHWToNHWC-LayoutOptimizer)
conv4-2-0-TransposeNCHWToNHWC-LayoutOptimizer:Transpose	/device:GPU:0/stream:13	0	294	294	['(no output)']	
conv4-2-0-TransposeNCHWToNHWC-LayoutOptimizer:Transpose	/device:GPU:0/stream:all	0	294	294	['(no output)']	
conv4/BiasAdd	/job:localhost/replica:0/task:0/device:GPU:0	1	10	12	['(128x256x13x13)']	conv4/BiasAdd = BiasAdd(conv4/Conv2D, conv4/biases/read)
conv4/BiasAdd:BiasAdd	/device:GPU:0/stream:13	0	357	357	['(no output)']	
conv4/BiasAdd:BiasAdd	/device:GPU:0/stream:all	0	357	357	['(no output)']	
conv4/Conv2D	/job:localhost/replica:0/task:0/device:GPU:0	0	54	57	['(128x256x13x13)']	[GPU_0_bfc 239.1MB 239.1MB] conv4/Conv2D = Conv2D(conv3, conv4/weights/read)
conv4/Conv2D:Conv2D	/device:GPU:0/stream:13	0	116	116	['(no output)']	
conv4/Conv2D:Conv2D	/device:GPU:0/stream:13	0	123	123	['(no output)']	
conv4/Conv2D:Conv2D	/device:GPU:0/stream:13	0	644	644	['(no output)']	
conv4/Conv2D:Conv2D	/device:GPU:0/stream:13	0	1056	1056	['(no output)']	
conv4/Conv2D:Conv2D	/device:GPU:0/stream:13	0	4037	4037	['(no output)']	
conv4/Conv2D:Conv2D	/device:GPU:0/stream:all	0	116	116	['(no output)']	
conv4/Conv2D:Conv2D	/device:GPU:0/stream:all	0	123	123	['(no output)']	
conv4/Conv2D:Conv2D	/device:GPU:0/stream:all	0	644	644	['(no output)']	
conv4/Conv2D:Conv2D	/device:GPU:0/stream:all	0	1056	1056	['(no output)']	
conv4/Conv2D:Conv2D	/device:GPU:0/stream:all	0	4037	4037	['(no output)']	
conv4/biases	/job:localhost/replica:0/task:0/device:GPU:0	0	1	2	['(256x1)']	conv4/biases = VariableV2()
conv4/biases/read	/job:localhost/replica:0/task:0/device:GPU:0	0	1	2	['(256x1)']	conv4/biases/read = Identity(conv4/biases)
conv4/weights	/job:localhost/replica:0/task:0/device:GPU:0	1	2	3	['(3x3x384x256)']	conv4/weights = VariableV2()
conv4/weights/read	/job:localhost/replica:0/task:0/device:GPU:0	1	1	20	['(3x3x384x256)']	conv4/weights/read = Identity(conv4/weights)
conv4:Relu	/device:GPU:0/stream:13	0	291	291	['(no output)']	
conv4:Relu	/device:GPU:0/stream:all	0	291	291	['(no output)']	
conv5	/job:localhost/replica:0/task:0/device:GPU:0	1	8	10	['(128x256x13x13)']	conv5 = Relu(conv5/BiasAdd)
conv5/BiasAdd	/job:localhost/replica:0/task:0/device:GPU:0	0	9	10	['(128x256x13x13)']	conv5/BiasAdd = BiasAdd(conv5/Conv2D, conv5/biases/read)
conv5/BiasAdd:BiasAdd	/device:GPU:0/stream:13	0	358	358	['(no output)']	
conv5/BiasAdd:BiasAdd	/device:GPU:0/stream:all	0	358	358	['(no output)']	
conv5/Conv2D	/job:localhost/replica:0/task:0/device:GPU:0	0	51	54	['(128x256x13x13)']	[GPU_0_bfc 266.1MB 266.1MB] conv5/Conv2D = Conv2D(conv4, conv5/weights/read)
conv5/Conv2D:Conv2D	/device:GPU:0/stream:13	0	75	75	['(no output)']	
conv5/Conv2D:Conv2D	/device:GPU:0/stream:13	0	195	195	['(no output)']	
conv5/Conv2D:Conv2D	/device:GPU:0/stream:13	0	429	429	['(no output)']	
conv5/Conv2D:Conv2D	/device:GPU:0/stream:13	0	533	533	['(no output)']	
conv5/Conv2D:Conv2D	/device:GPU:0/stream:13	0	2439	2439	['(no output)']	
conv5/Conv2D:Conv2D	/device:GPU:0/stream:18	0	420	420	['(no output)']	
conv5/Conv2D:Conv2D	/device:GPU:0/stream:all	0	75	75	['(no output)']	
conv5/Conv2D:Conv2D	/device:GPU:0/stream:all	0	195	195	['(no output)']	
conv5/Conv2D:Conv2D	/device:GPU:0/stream:all	0	420	420	['(no output)']	
conv5/Conv2D:Conv2D	/device:GPU:0/stream:all	0	429	429	['(no output)']	
conv5/Conv2D:Conv2D	/device:GPU:0/stream:all	0	533	533	['(no output)']	
conv5/Conv2D:Conv2D	/device:GPU:0/stream:all	0	2439	2439	['(no output)']	
conv5/biases	/job:localhost/replica:0/task:0/device:GPU:0	0	12	15	['(256x1)']	conv5/biases = VariableV2()
conv5/biases/read	/job:localhost/replica:0/task:0/device:GPU:0	0	1	2	['(256x1)']	conv5/biases/read = Identity(conv5/biases)
conv5/weights	/job:localhost/replica:0/task:0/device:GPU:0	0	1	2	['(3x3x256x256)']	conv5/weights = VariableV2()
conv5/weights/read	/job:localhost/replica:0/task:0/device:GPU:0	1	1	2	['(3x3x256x256)']	conv5/weights/read = Identity(conv5/weights)
conv5:Relu	/device:GPU:0/stream:13	0	289	289	['(no output)']	
conv5:Relu	/device:GPU:0/stream:all	0	289	289	['(no output)']	
edge_177_gradients/conv1/BiasAdd_grad/BiasAddGrad:MEMCPYDtoH	/device:GPU:0/memcpy	0	1	1	['(256 bytes)']	MEMCPYDtoH 256 bytes (Device to Pinned)
edge_177_gradients/conv1/BiasAdd_grad/BiasAddGrad:MEMCPYDtoH	/device:GPU:0/stream:15	0	1	1	['(256 bytes)']	MEMCPYDtoH 256 bytes (Device to Pinned)
edge_179_gradients/conv1/Conv2D_grad/Conv2DBackpropFilter:MEMCPYDtoH	/device:GPU:0/memcpy	0	7	7	['(92928 bytes)']	MEMCPYDtoH 92928 bytes (Device to Pinned)
edge_179_gradients/conv1/Conv2D_grad/Conv2DBackpropFilter:MEMCPYDtoH	/device:GPU:0/stream:15	0	7	7	['(92928 bytes)']	MEMCPYDtoH 92928 bytes (Device to Pinned)
edge_181_gradients/conv2/BiasAdd_grad/BiasAddGrad:MEMCPYDtoH	/device:GPU:0/memcpy	0	1	1	['(768 bytes)']	MEMCPYDtoH 768 bytes (Device to Pinned)
edge_181_gradients/conv2/BiasAdd_grad/BiasAddGrad:MEMCPYDtoH	/device:GPU:0/stream:15	0	1	1	['(768 bytes)']	MEMCPYDtoH 768 bytes (Device to Pinned)
edge_183_gradients/conv2/Conv2D_grad/Conv2DBackpropFilter:MEMCPYDtoH	/device:GPU:0/memcpy	0	118	118	['(1228800 bytes)']	MEMCPYDtoH 1228800 bytes (Device to Pinned)
edge_183_gradients/conv2/Conv2D_grad/Conv2DBackpropFilter:MEMCPYDtoH	/device:GPU:0/stream:15	0	118	118	['(1228800 bytes)']	MEMCPYDtoH 1228800 bytes (Device to Pinned)
edge_185_gradients/conv3/BiasAdd_grad/BiasAddGrad:MEMCPYDtoH	/device:GPU:0/memcpy	0	3	3	['(1536 bytes)']	MEMCPYDtoH 1536 bytes (Device to Pinned)
edge_185_gradients/conv3/BiasAdd_grad/BiasAddGrad:MEMCPYDtoH	/device:GPU:0/stream:15	0	3	3	['(1536 bytes)']	MEMCPYDtoH 1536 bytes (Device to Pinned)
edge_187_gradients/conv3/Conv2D_grad/Conv2DBackpropFilter:MEMCPYDtoH	/device:GPU:0/memcpy	0	253	253	['(2654208 bytes)']	MEMCPYDtoH 2654208 bytes (Device to Pinned)
edge_187_gradients/conv3/Conv2D_grad/Conv2DBackpropFilter:MEMCPYDtoH	/device:GPU:0/stream:15	0	253	253	['(2654208 bytes)']	MEMCPYDtoH 2654208 bytes (Device to Pinned)
edge_189_gradients/conv4/BiasAdd_grad/BiasAddGrad:MEMCPYDtoH	/device:GPU:0/memcpy	0	1	1	['(1024 bytes)']	MEMCPYDtoH 1024 bytes (Device to Pinned)
edge_189_gradients/conv4/BiasAdd_grad/BiasAddGrad:MEMCPYDtoH	/device:GPU:0/stream:15	0	1	1	['(1024 bytes)']	MEMCPYDtoH 1024 bytes (Device to Pinned)
edge_191_gradients/conv4/Conv2D_grad/Conv2DBackpropFilter:MEMCPYDtoH	/device:GPU:0/memcpy	0	307	307	['(3538944 bytes)']	MEMCPYDtoH 3538944 bytes (Device to Pinned)
edge_191_gradients/conv4/Conv2D_grad/Conv2DBackpropFilter:MEMCPYDtoH	/device:GPU:0/stream:15	0	307	307	['(3538944 bytes)']	MEMCPYDtoH 3538944 bytes (Device to Pinned)
edge_193_gradients/conv5/BiasAdd_grad/BiasAddGrad:MEMCPYDtoH	/device:GPU:0/memcpy	0	2	2	['(1024 bytes)']	MEMCPYDtoH 1024 bytes (Device to Pinned)
edge_193_gradients/conv5/BiasAdd_grad/BiasAddGrad:MEMCPYDtoH	/device:GPU:0/stream:15	0	2	2	['(1024 bytes)']	MEMCPYDtoH 1024 bytes (Device to Pinned)
edge_195_gradients/conv5/Conv2D_grad/Conv2DBackpropFilter:MEMCPYDtoH	/device:GPU:0/memcpy	0	248	248	['(2359296 bytes)']	MEMCPYDtoH 2359296 bytes (Device to Pinned)
edge_195_gradients/conv5/Conv2D_grad/Conv2DBackpropFilter:MEMCPYDtoH	/device:GPU:0/stream:15	0	248	248	['(2359296 bytes)']	MEMCPYDtoH 2359296 bytes (Device to Pinned)
gradients/conv1/BiasAdd_grad/BiasAddGrad	/job:localhost/replica:0/task:0/device:GPU:0	1	26	29	['(64x1)']	gradients/conv1/BiasAdd_grad/BiasAddGrad = BiasAddGrad(gradients/conv1_grad/ReluGrad-0-0-TransposeNCHWToNHWC-LayoutOptimizer)
gradients/conv1/BiasAdd_grad/BiasAddGrad:BiasAddGrad	/device:GPU:0/stream:13	0	7	7	['(no output)']	
gradients/conv1/BiasAdd_grad/BiasAddGrad:BiasAddGrad	/device:GPU:0/stream:13	0	755	755	['(no output)']	
gradients/conv1/BiasAdd_grad/BiasAddGrad:BiasAddGrad	/device:GPU:0/stream:all	0	7	7	['(no output)']	
gradients/conv1/BiasAdd_grad/BiasAddGrad:BiasAddGrad	/device:GPU:0/stream:all	0	755	755	['(no output)']	
gradients/conv1/Conv2D_grad/Conv2DBackpropFilter	/job:localhost/replica:0/task:0/device:GPU:0	0	90	93	['(11x11x3x64)']	[GPU_0_bfc 246.5MB 246.5MB] gradients/conv1/Conv2D_grad/Conv2DBackpropFilter = Conv2DBackpropFilter(Variable/read, ConstantFolding/gradients/conv1/Conv2D_grad/ShapeN-matshapes-1, gradients/conv1_grad/ReluGrad-0-0-TransposeNCHWToNHWC-LayoutOptimizer)
gradients/conv1/Conv2D_grad/Conv2DBackpropFilter:Conv2DBackpropFilter	/device:GPU:0/stream:13	0	3	3	['(no output)']	
gradients/conv1/Conv2D_grad/Conv2DBackpropFilter:Conv2DBackpropFilter	/device:GPU:0/stream:13	0	3	3	['(no output)']	
gradients/conv1/Conv2D_grad/Conv2DBackpropFilter:Conv2DBackpropFilter	/device:GPU:0/stream:13	0	3	3	['(no output)']	
gradients/conv1/Conv2D_grad/Conv2DBackpropFilter:Conv2DBackpropFilter	/device:GPU:0/stream:13	0	5	5	['(no output)']	
gradients/conv1/Conv2D_grad/Conv2DBackpropFilter:Conv2DBackpropFilter	/device:GPU:0/stream:13	0	1369	1369	['(no output)']	
gradients/conv1/Conv2D_grad/Conv2DBackpropFilter:Conv2DBackpropFilter	/device:GPU:0/stream:13	0	2023	2023	['(no output)']	
gradients/conv1/Conv2D_grad/Conv2DBackpropFilter:Conv2DBackpropFilter	/device:GPU:0/stream:13	0	2044	2044	['(no output)']	
gradients/conv1/Conv2D_grad/Conv2DBackpropFilter:Conv2DBackpropFilter	/device:GPU:0/stream:13	0	8715	8715	['(no output)']	
gradients/conv1/Conv2D_grad/Conv2DBackpropFilter:Conv2DBackpropFilter	/device:GPU:0/stream:all	0	3	3	['(no output)']	
gradients/conv1/Conv2D_grad/Conv2DBackpropFilter:Conv2DBackpropFilter	/device:GPU:0/stream:all	0	3	3	['(no output)']	
gradients/conv1/Conv2D_grad/Conv2DBackpropFilter:Conv2DBackpropFilter	/device:GPU:0/stream:all	0	3	3	['(no output)']	
gradients/conv1/Conv2D_grad/Conv2DBackpropFilter:Conv2DBackpropFilter	/device:GPU:0/stream:all	0	5	5	['(no output)']	
gradients/conv1/Conv2D_grad/Conv2DBackpropFilter:Conv2DBackpropFilter	/device:GPU:0/stream:all	0	1369	1369	['(no output)']	
gradients/conv1/Conv2D_grad/Conv2DBackpropFilter:Conv2DBackpropFilter	/device:GPU:0/stream:all	0	2023	2023	['(no output)']	
gradients/conv1/Conv2D_grad/Conv2DBackpropFilter:Conv2DBackpropFilter	/device:GPU:0/stream:all	0	2044	2044	['(no output)']	
gradients/conv1/Conv2D_grad/Conv2DBackpropFilter:Conv2DBackpropFilter	/device:GPU:0/stream:all	0	8715	8715	['(no output)']	
gradients/conv1_grad/ReluGrad	/job:localhost/replica:0/task:0/device:GPU:0	0	11	13	['(128x64x56x56)']	gradients/conv1_grad/ReluGrad = ReluGrad(gradients/conv1_grad/ReluGrad-0-TransposeNHWCToNCHW-LayoutOptimizer, conv1)
gradients/conv1_grad/ReluGrad-0-0-TransposeNCHWToNHWC-LayoutOptimizer	/job:localhost/replica:0/task:0/device:GPU:0	0	9	12	['(128x56x56x64)']	[GPU_0_bfc 98.0MB 98.0MB] gradients/conv1_grad/ReluGrad-0-0-TransposeNCHWToNHWC-LayoutOptimizer = Transpose(gradients/conv1_grad/ReluGrad, PermConstNCHWToNHWC-LayoutOptimizer)
gradients/conv1_grad/ReluGrad-0-0-TransposeNCHWToNHWC-LayoutOptimizer:Transpose	/device:GPU:0/stream:13	0	1354	1354	['(no output)']	
gradients/conv1_grad/ReluGrad-0-0-TransposeNCHWToNHWC-LayoutOptimizer:Transpose	/device:GPU:0/stream:all	0	1354	1354	['(no output)']	
gradients/conv1_grad/ReluGrad-0-TransposeNHWCToNCHW-LayoutOptimizer	/job:localhost/replica:0/task:0/device:GPU:0	0	12	15	['(128x64x56x56)']	[GPU_0_bfc 98.0MB 98.0MB] gradients/conv1_grad/ReluGrad-0-TransposeNHWCToNCHW-LayoutOptimizer = Transpose(gradients/lrn1/LRN_grad/LRNGrad, PermConstNHWCToNCHW-LayoutOptimizer)
gradients/conv1_grad/ReluGrad-0-TransposeNHWCToNCHW-LayoutOptimizer:Transpose	/device:GPU:0/stream:13	0	1366	1366	['(no output)']	
gradients/conv1_grad/ReluGrad-0-TransposeNHWCToNCHW-LayoutOptimizer:Transpose	/device:GPU:0/stream:all	0	1366	1366	['(no output)']	
gradients/conv1_grad/ReluGrad:ReluGrad	/device:GPU:0/stream:13	0	1980	1980	['(no output)']	
gradients/conv1_grad/ReluGrad:ReluGrad	/device:GPU:0/stream:all	0	1980	1980	['(no output)']	
gradients/conv2/BiasAdd_grad/BiasAddGrad	/job:localhost/replica:0/task:0/device:GPU:0	1	26	28	['(192x1)']	gradients/conv2/BiasAdd_grad/BiasAddGrad = BiasAddGrad(gradients/conv2_grad/ReluGrad-0-0-TransposeNCHWToNHWC-LayoutOptimizer)
gradients/conv2/BiasAdd_grad/BiasAddGrad:BiasAddGrad	/device:GPU:0/stream:13	0	15	15	['(no output)']	
gradients/conv2/BiasAdd_grad/BiasAddGrad:BiasAddGrad	/device:GPU:0/stream:13	0	478	478	['(no output)']	
gradients/conv2/BiasAdd_grad/BiasAddGrad:BiasAddGrad	/device:GPU:0/stream:all	0	15	15	['(no output)']	
gradients/conv2/BiasAdd_grad/BiasAddGrad:BiasAddGrad	/device:GPU:0/stream:all	0	478	478	['(no output)']	
gradients/conv2/Conv2D_grad/Conv2DBackpropFilter	/job:localhost/replica:0/task:0/device:GPU:0	1	84	89	['(5x5x64x192)']	[GPU_0_bfc 299.2MB 299.2MB] gradients/conv2/Conv2D_grad/Conv2DBackpropFilter = Conv2DBackpropFilter(pool1-3-0-TransposeNCHWToNHWC-LayoutOptimizer, ConstantFolding/gradients/conv2/Conv2D_grad/ShapeN-matshapes-1, gradients/conv2_grad/ReluGrad-0-0-TransposeNCHWToNHWC-LayoutOptimizer)
gradients/conv2/Conv2D_grad/Conv2DBackpropFilter:Conv2DBackpropFilter	/device:GPU:0/stream:13	0	40	40	['(no output)']	
gradients/conv2/Conv2D_grad/Conv2DBackpropFilter:Conv2DBackpropFilter	/device:GPU:0/stream:13	0	131	131	['(no output)']	
gradients/conv2/Conv2D_grad/Conv2DBackpropFilter:Conv2DBackpropFilter	/device:GPU:0/stream:13	0	320	320	['(no output)']	
gradients/conv2/Conv2D_grad/Conv2DBackpropFilter:Conv2DBackpropFilter	/device:GPU:0/stream:13	0	717	717	['(no output)']	
gradients/conv2/Conv2D_grad/Conv2DBackpropFilter:Conv2DBackpropFilter	/device:GPU:0/stream:13	0	952	952	['(no output)']	
gradients/conv2/Conv2D_grad/Conv2DBackpropFilter:Conv2DBackpropFilter	/device:GPU:0/stream:13	0	2062	2062	['(no output)']	
gradients/conv2/Conv2D_grad/Conv2DBackpropFilter:Conv2DBackpropFilter	/device:GPU:0/stream:13	0	2242	2242	['(no output)']	
gradients/conv2/Conv2D_grad/Conv2DBackpropFilter:Conv2DBackpropFilter	/device:GPU:0/stream:all	0	40	40	['(no output)']	
gradients/conv2/Conv2D_grad/Conv2DBackpropFilter:Conv2DBackpropFilter	/device:GPU:0/stream:all	0	131	131	['(no output)']	
gradients/conv2/Conv2D_grad/Conv2DBackpropFilter:Conv2DBackpropFilter	/device:GPU:0/stream:all	0	320	320	['(no output)']	
gradients/conv2/Conv2D_grad/Conv2DBackpropFilter:Conv2DBackpropFilter	/device:GPU:0/stream:all	0	717	717	['(no output)']	
gradients/conv2/Conv2D_grad/Conv2DBackpropFilter:Conv2DBackpropFilter	/device:GPU:0/stream:all	0	952	952	['(no output)']	
gradients/conv2/Conv2D_grad/Conv2DBackpropFilter:Conv2DBackpropFilter	/device:GPU:0/stream:all	0	2062	2062	['(no output)']	
gradients/conv2/Conv2D_grad/Conv2DBackpropFilter:Conv2DBackpropFilter	/device:GPU:0/stream:all	0	2242	2242	['(no output)']	
gradients/conv2/Conv2D_grad/Conv2DBackpropInput	/job:localhost/replica:0/task:0/device:GPU:0	0	117	120	['(128x64x27x27)']	[GPU_0_bfc 292.4MB 292.4MB] gradients/conv2/Conv2D_grad/Conv2DBackpropInput = Conv2DBackpropInput(gradients/conv2/Conv2D_grad/Conv2DBackpropInput-0-LayoutOptimizer, conv2/weights/read, gradients/conv2_grad/ReluGrad)
gradients/conv2/Conv2D_grad/Conv2DBackpropInput-0-LayoutOptimizer	/job:localhost/replica:0/task:0/device:GPU:0	0	1	2	['(int32 4x1)']	gradients/conv2/Conv2D_grad/Conv2DBackpropInput-0-LayoutOptimizer = Const(^conv2/weights/read, ^pool1)
gradients/conv2/Conv2D_grad/Conv2DBackpropInput:Conv2DBackpropInput	/device:GPU:0/stream:13	0	38	38	['(no output)']	
gradients/conv2/Conv2D_grad/Conv2DBackpropInput:Conv2DBackpropInput	/device:GPU:0/stream:13	0	518	518	['(no output)']	
gradients/conv2/Conv2D_grad/Conv2DBackpropInput:Conv2DBackpropInput	/device:GPU:0/stream:18	0	404	404	['(no output)']	
gradients/conv2/Conv2D_grad/Conv2DBackpropInput:Conv2DBackpropInput	/device:GPU:0/stream:18	0	1619	1619	['(no output)']	
gradients/conv2/Conv2D_grad/Conv2DBackpropInput:Conv2DBackpropInput	/device:GPU:0/stream:18	0	2027	2027	['(no output)']	
gradients/conv2/Conv2D_grad/Conv2DBackpropInput:Conv2DBackpropInput	/device:GPU:0/stream:all	0	38	38	['(no output)']	
gradients/conv2/Conv2D_grad/Conv2DBackpropInput:Conv2DBackpropInput	/device:GPU:0/stream:all	0	404	404	['(no output)']	
gradients/conv2/Conv2D_grad/Conv2DBackpropInput:Conv2DBackpropInput	/device:GPU:0/stream:all	0	518	518	['(no output)']	
gradients/conv2/Conv2D_grad/Conv2DBackpropInput:Conv2DBackpropInput	/device:GPU:0/stream:all	0	1619	1619	['(no output)']	
gradients/conv2/Conv2D_grad/Conv2DBackpropInput:Conv2DBackpropInput	/device:GPU:0/stream:all	0	2027	2027	['(no output)']	
gradients/conv2_grad/ReluGrad	/job:localhost/replica:0/task:0/device:GPU:0	1	30	32	['(128x192x27x27)']	gradients/conv2_grad/ReluGrad = ReluGrad(gradients/conv2_grad/ReluGrad-0-TransposeNHWCToNCHW-LayoutOptimizer, conv2)
gradients/conv2_grad/ReluGrad-0-0-TransposeNCHWToNHWC-LayoutOptimizer	/job:localhost/replica:0/task:0/device:GPU:0	0	33	36	['(128x27x27x192)']	[GPU_0_bfc 68.3MB 68.3MB] gradients/conv2_grad/ReluGrad-0-0-TransposeNCHWToNHWC-LayoutOptimizer = Transpose(gradients/conv2_grad/ReluGrad, PermConstNCHWToNHWC-LayoutOptimizer)
gradients/conv2_grad/ReluGrad-0-0-TransposeNCHWToNHWC-LayoutOptimizer:Transpose	/device:GPU:0/stream:13	0	948	948	['(no output)']	
gradients/conv2_grad/ReluGrad-0-0-TransposeNCHWToNHWC-LayoutOptimizer:Transpose	/device:GPU:0/stream:all	0	948	948	['(no output)']	
gradients/conv2_grad/ReluGrad-0-TransposeNHWCToNCHW-LayoutOptimizer	/job:localhost/replica:0/task:0/device:GPU:0	0	42	45	['(128x192x27x27)']	[GPU_0_bfc 69.5MB 69.5MB] gradients/conv2_grad/ReluGrad-0-TransposeNHWCToNCHW-LayoutOptimizer = Transpose(gradients/lrn2/LRN_grad/LRNGrad, PermConstNHWCToNCHW-LayoutOptimizer)
gradients/conv2_grad/ReluGrad-0-TransposeNHWCToNCHW-LayoutOptimizer:Transpose	/device:GPU:0/stream:13	0	955	955	['(no output)']	
gradients/conv2_grad/ReluGrad-0-TransposeNHWCToNCHW-LayoutOptimizer:Transpose	/device:GPU:0/stream:all	0	955	955	['(no output)']	
gradients/conv2_grad/ReluGrad:ReluGrad	/device:GPU:0/stream:13	0	1381	1381	['(no output)']	
gradients/conv2_grad/ReluGrad:ReluGrad	/device:GPU:0/stream:all	0	1381	1381	['(no output)']	
gradients/conv3/BiasAdd_grad/BiasAddGrad	/job:localhost/replica:0/task:0/device:GPU:0	1	26	28	['(384x1)']	gradients/conv3/BiasAdd_grad/BiasAddGrad = BiasAddGrad(gradients/conv3_grad/ReluGrad-1-0-TransposeNCHWToNHWC-LayoutOptimizer)
gradients/conv3/BiasAdd_grad/BiasAddGrad:BiasAddGrad	/device:GPU:0/stream:13	0	26	26	['(no output)']	
gradients/conv3/BiasAdd_grad/BiasAddGrad:BiasAddGrad	/device:GPU:0/stream:13	0	231	231	['(no output)']	
gradients/conv3/BiasAdd_grad/BiasAddGrad:BiasAddGrad	/device:GPU:0/stream:all	0	26	26	['(no output)']	
gradients/conv3/BiasAdd_grad/BiasAddGrad:BiasAddGrad	/device:GPU:0/stream:all	0	231	231	['(no output)']	
gradients/conv3/Conv2D_grad/Conv2DBackpropFilter	/job:localhost/replica:0/task:0/device:GPU:0	0	82	86	['(3x3x192x384)']	[GPU_0_bfc 259.2MB 259.2MB] gradients/conv3/Conv2D_grad/Conv2DBackpropFilter = Conv2DBackpropFilter(pool2-1-0-TransposeNCHWToNHWC-LayoutOptimizer, ConstantFolding/gradients/conv3/Conv2D_grad/ShapeN-matshapes-1, gradients/conv3_grad/ReluGrad-1-0-TransposeNCHWToNHWC-LayoutOptimizer)
gradients/conv3/Conv2D_grad/Conv2DBackpropFilter:Conv2DBackpropFilter	/device:GPU:0/stream:13	0	131	131	['(no output)']	
gradients/conv3/Conv2D_grad/Conv2DBackpropFilter:Conv2DBackpropFilter	/device:GPU:0/stream:13	0	223	223	['(no output)']	
gradients/conv3/Conv2D_grad/Conv2DBackpropFilter:Conv2DBackpropFilter	/device:GPU:0/stream:13	0	226	226	['(no output)']	
gradients/conv3/Conv2D_grad/Conv2DBackpropFilter:Conv2DBackpropFilter	/device:GPU:0/stream:13	0	443	443	['(no output)']	
gradients/conv3/Conv2D_grad/Conv2DBackpropFilter:Conv2DBackpropFilter	/device:GPU:0/stream:13	0	510	510	['(no output)']	
gradients/conv3/Conv2D_grad/Conv2DBackpropFilter:Conv2DBackpropFilter	/device:GPU:0/stream:13	0	1006	1006	['(no output)']	
gradients/conv3/Conv2D_grad/Conv2DBackpropFilter:Conv2DBackpropFilter	/device:GPU:0/stream:13	0	3939	3939	['(no output)']	
gradients/conv3/Conv2D_grad/Conv2DBackpropFilter:Conv2DBackpropFilter	/device:GPU:0/stream:all	0	131	131	['(no output)']	
gradients/conv3/Conv2D_grad/Conv2DBackpropFilter:Conv2DBackpropFilter	/device:GPU:0/stream:all	0	223	223	['(no output)']	
gradients/conv3/Conv2D_grad/Conv2DBackpropFilter:Conv2DBackpropFilter	/device:GPU:0/stream:all	0	226	226	['(no output)']	
gradients/conv3/Conv2D_grad/Conv2DBackpropFilter:Conv2DBackpropFilter	/device:GPU:0/stream:all	0	443	443	['(no output)']	
gradients/conv3/Conv2D_grad/Conv2DBackpropFilter:Conv2DBackpropFilter	/device:GPU:0/stream:all	0	510	510	['(no output)']	
gradients/conv3/Conv2D_grad/Conv2DBackpropFilter:Conv2DBackpropFilter	/device:GPU:0/stream:all	0	1006	1006	['(no output)']	
gradients/conv3/Conv2D_grad/Conv2DBackpropFilter:Conv2DBackpropFilter	/device:GPU:0/stream:all	0	3939	3939	['(no output)']	
gradients/conv3/Conv2D_grad/Conv2DBackpropInput	/job:localhost/replica:0/task:0/device:GPU:0	1	106	109	['(128x192x13x13)']	[GPU_0_bfc 306.8MB 306.8MB] gradients/conv3/Conv2D_grad/Conv2DBackpropInput = Conv2DBackpropInput(gradients/conv3/Conv2D_grad/Conv2DBackpropInput-0-LayoutOptimizer, conv3/weights/read, gradients/conv3_grad/ReluGrad)
gradients/conv3/Conv2D_grad/Conv2DBackpropInput-0-LayoutOptimizer	/job:localhost/replica:0/task:0/device:GPU:0	0	1	2	['(int32 4x1)']	gradients/conv3/Conv2D_grad/Conv2DBackpropInput-0-LayoutOptimizer = Const(^conv3/weights/read, ^pool2)
gradients/conv3/Conv2D_grad/Conv2DBackpropInput:Conv2DBackpropInput	/device:GPU:0/stream:13	0	87	87	['(no output)']	
gradients/conv3/Conv2D_grad/Conv2DBackpropInput:Conv2DBackpropInput	/device:GPU:0/stream:13	0	373	373	['(no output)']	
gradients/conv3/Conv2D_grad/Conv2DBackpropInput:Conv2DBackpropInput	/device:GPU:0/stream:13	0	839	839	['(no output)']	
gradients/conv3/Conv2D_grad/Conv2DBackpropInput:Conv2DBackpropInput	/device:GPU:0/stream:13	0	2990	2990	['(no output)']	
gradients/conv3/Conv2D_grad/Conv2DBackpropInput:Conv2DBackpropInput	/device:GPU:0/stream:18	0	753	753	['(no output)']	
gradients/conv3/Conv2D_grad/Conv2DBackpropInput:Conv2DBackpropInput	/device:GPU:0/stream:all	0	87	87	['(no output)']	
gradients/conv3/Conv2D_grad/Conv2DBackpropInput:Conv2DBackpropInput	/device:GPU:0/stream:all	0	373	373	['(no output)']	
gradients/conv3/Conv2D_grad/Conv2DBackpropInput:Conv2DBackpropInput	/device:GPU:0/stream:all	0	753	753	['(no output)']	
gradients/conv3/Conv2D_grad/Conv2DBackpropInput:Conv2DBackpropInput	/device:GPU:0/stream:all	0	839	839	['(no output)']	
gradients/conv3/Conv2D_grad/Conv2DBackpropInput:Conv2DBackpropInput	/device:GPU:0/stream:all	0	2990	2990	['(no output)']	
gradients/conv3_grad/ReluGrad	/job:localhost/replica:0/task:0/device:GPU:0	1	13	16	['(128x384x13x13)']	gradients/conv3_grad/ReluGrad = ReluGrad(gradients/conv4/Conv2D_grad/Conv2DBackpropInput, conv3)
gradients/conv3_grad/ReluGrad-1-0-TransposeNCHWToNHWC-LayoutOptimizer	/job:localhost/replica:0/task:0/device:GPU:0	1	26	29	['(128x13x13x384)']	[GPU_0_bfc 31.7MB 31.7MB] gradients/conv3_grad/ReluGrad-1-0-TransposeNCHWToNHWC-LayoutOptimizer = Transpose(gradients/conv3_grad/ReluGrad, PermConstNCHWToNHWC-LayoutOptimizer)
gradients/conv3_grad/ReluGrad-1-0-TransposeNCHWToNHWC-LayoutOptimizer:Transpose	/device:GPU:0/stream:13	0	445	445	['(no output)']	
gradients/conv3_grad/ReluGrad-1-0-TransposeNCHWToNHWC-LayoutOptimizer:Transpose	/device:GPU:0/stream:all	0	445	445	['(no output)']	
gradients/conv3_grad/ReluGrad:ReluGrad	/device:GPU:0/stream:13	0	655	655	['(no output)']	
gradients/conv3_grad/ReluGrad:ReluGrad	/device:GPU:0/stream:all	0	655	655	['(no output)']	
gradients/conv4/BiasAdd_grad/BiasAddGrad	/job:localhost/replica:0/task:0/device:GPU:0	0	24	26	['(256x1)']	gradients/conv4/BiasAdd_grad/BiasAddGrad = BiasAddGrad(gradients/conv4_grad/ReluGrad-1-0-TransposeNCHWToNHWC-LayoutOptimizer)
gradients/conv4/BiasAdd_grad/BiasAddGrad:BiasAddGrad	/device:GPU:0/stream:13	0	17	17	['(no output)']	
gradients/conv4/BiasAdd_grad/BiasAddGrad:BiasAddGrad	/device:GPU:0/stream:13	0	153	153	['(no output)']	
gradients/conv4/BiasAdd_grad/BiasAddGrad:BiasAddGrad	/device:GPU:0/stream:all	0	17	17	['(no output)']	
gradients/conv4/BiasAdd_grad/BiasAddGrad:BiasAddGrad	/device:GPU:0/stream:all	0	153	153	['(no output)']	
gradients/conv4/Conv2D_grad/Conv2DBackpropFilter	/job:localhost/replica:0/task:0/device:GPU:0	1	65	69	['(3x3x384x256)']	[GPU_0_bfc 256.9MB 256.9MB] gradients/conv4/Conv2D_grad/Conv2DBackpropFilter = Conv2DBackpropFilter(conv3-1-0-TransposeNCHWToNHWC-LayoutOptimizer, ConstantFolding/gradients/conv4/Conv2D_grad/ShapeN-matshapes-1, gradients/conv4_grad/ReluGrad-1-0-TransposeNCHWToNHWC-LayoutOptimizer)
gradients/conv4/Conv2D_grad/Conv2DBackpropFilter:Conv2DBackpropFilter	/device:GPU:0/stream:13	0	169	169	['(no output)']	
gradients/conv4/Conv2D_grad/Conv2DBackpropFilter:Conv2DBackpropFilter	/device:GPU:0/stream:13	0	292	292	['(no output)']	
gradients/conv4/Conv2D_grad/Conv2DBackpropFilter:Conv2DBackpropFilter	/device:GPU:0/stream:13	0	333	333	['(no output)']	
gradients/conv4/Conv2D_grad/Conv2DBackpropFilter:Conv2DBackpropFilter	/device:GPU:0/stream:13	0	441	441	['(no output)']	
gradients/conv4/Conv2D_grad/Conv2DBackpropFilter:Conv2DBackpropFilter	/device:GPU:0/stream:13	0	659	659	['(no output)']	
gradients/conv4/Conv2D_grad/Conv2DBackpropFilter:Conv2DBackpropFilter	/device:GPU:0/stream:13	0	1024	1024	['(no output)']	
gradients/conv4/Conv2D_grad/Conv2DBackpropFilter:Conv2DBackpropFilter	/device:GPU:0/stream:13	0	3703	3703	['(no output)']	
gradients/conv4/Conv2D_grad/Conv2DBackpropFilter:Conv2DBackpropFilter	/device:GPU:0/stream:all	0	169	169	['(no output)']	
gradients/conv4/Conv2D_grad/Conv2DBackpropFilter:Conv2DBackpropFilter	/device:GPU:0/stream:all	0	292	292	['(no output)']	
gradients/conv4/Conv2D_grad/Conv2DBackpropFilter:Conv2DBackpropFilter	/device:GPU:0/stream:all	0	333	333	['(no output)']	
gradients/conv4/Conv2D_grad/Conv2DBackpropFilter:Conv2DBackpropFilter	/device:GPU:0/stream:all	0	441	441	['(no output)']	
gradients/conv4/Conv2D_grad/Conv2DBackpropFilter:Conv2DBackpropFilter	/device:GPU:0/stream:all	0	659	659	['(no output)']	
gradients/conv4/Conv2D_grad/Conv2DBackpropFilter:Conv2DBackpropFilter	/device:GPU:0/stream:all	0	1024	1024	['(no output)']	
gradients/conv4/Conv2D_grad/Conv2DBackpropFilter:Conv2DBackpropFilter	/device:GPU:0/stream:all	0	3703	3703	['(no output)']	
gradients/conv4/Conv2D_grad/Conv2DBackpropInput	/job:localhost/replica:0/task:0/device:GPU:0	1	68	71	['(128x384x13x13)']	[GPU_0_bfc 267.0MB 267.0MB] gradients/conv4/Conv2D_grad/Conv2DBackpropInput = Conv2DBackpropInput(gradients/conv4/Conv2D_grad/Conv2DBackpropInput-0-LayoutOptimizer, conv4/weights/read, gradients/conv4_grad/ReluGrad)
gradients/conv4/Conv2D_grad/Conv2DBackpropInput-0-LayoutOptimizer	/job:localhost/replica:0/task:0/device:GPU:0	0	1	2	['(int32 4x1)']	gradients/conv4/Conv2D_grad/Conv2DBackpropInput-0-LayoutOptimizer = Const(^conv4/weights/read, ^conv3)
gradients/conv4/Conv2D_grad/Conv2DBackpropInput:Conv2DBackpropInput	/device:GPU:0/stream:13	0	112	112	['(no output)']	
gradients/conv4/Conv2D_grad/Conv2DBackpropInput:Conv2DBackpropInput	/device:GPU:0/stream:13	0	122	122	['(no output)']	
gradients/conv4/Conv2D_grad/Conv2DBackpropInput:Conv2DBackpropInput	/device:GPU:0/stream:13	0	692	692	['(no output)']	
gradients/conv4/Conv2D_grad/Conv2DBackpropInput:Conv2DBackpropInput	/device:GPU:0/stream:13	0	1036	1036	['(no output)']	
gradients/conv4/Conv2D_grad/Conv2DBackpropInput:Conv2DBackpropInput	/device:GPU:0/stream:13	0	4009	4009	['(no output)']	
gradients/conv4/Conv2D_grad/Conv2DBackpropInput:Conv2DBackpropInput	/device:GPU:0/stream:all	0	112	112	['(no output)']	
gradients/conv4/Conv2D_grad/Conv2DBackpropInput:Conv2DBackpropInput	/device:GPU:0/stream:all	0	122	122	['(no output)']	
gradients/conv4/Conv2D_grad/Conv2DBackpropInput:Conv2DBackpropInput	/device:GPU:0/stream:all	0	692	692	['(no output)']	
gradients/conv4/Conv2D_grad/Conv2DBackpropInput:Conv2DBackpropInput	/device:GPU:0/stream:all	0	1036	1036	['(no output)']	
gradients/conv4/Conv2D_grad/Conv2DBackpropInput:Conv2DBackpropInput	/device:GPU:0/stream:all	0	4009	4009	['(no output)']	
gradients/conv4_grad/ReluGrad	/job:localhost/replica:0/task:0/device:GPU:0	0	9	12	['(128x256x13x13)']	gradients/conv4_grad/ReluGrad = ReluGrad(gradients/conv5/Conv2D_grad/Conv2DBackpropInput, conv4)
gradients/conv4_grad/ReluGrad-1-0-TransposeNCHWToNHWC-LayoutOptimizer	/job:localhost/replica:0/task:0/device:GPU:0	1	12	33	['(128x13x13x256)']	[GPU_0_bfc 24.5MB 24.5MB] gradients/conv4_grad/ReluGrad-1-0-TransposeNCHWToNHWC-LayoutOptimizer = Transpose(gradients/conv4_grad/ReluGrad, PermConstNCHWToNHWC-LayoutOptimizer)
gradients/conv4_grad/ReluGrad-1-0-TransposeNCHWToNHWC-LayoutOptimizer:Transpose	/device:GPU:0/stream:13	0	293	293	['(no output)']	
gradients/conv4_grad/ReluGrad-1-0-TransposeNCHWToNHWC-LayoutOptimizer:Transpose	/device:GPU:0/stream:all	0	293	293	['(no output)']	
gradients/conv4_grad/ReluGrad:ReluGrad	/device:GPU:0/stream:13	0	427	427	['(no output)']	
gradients/conv4_grad/ReluGrad:ReluGrad	/device:GPU:0/stream:all	0	427	427	['(no output)']	
gradients/conv5/BiasAdd_grad/BiasAddGrad	/job:localhost/replica:0/task:0/device:GPU:0	0	34	36	['(256x1)']	gradients/conv5/BiasAdd_grad/BiasAddGrad = BiasAddGrad(gradients/conv5_grad/ReluGrad-0-0-TransposeNCHWToNHWC-LayoutOptimizer)
gradients/conv5/BiasAdd_grad/BiasAddGrad:BiasAddGrad	/device:GPU:0/stream:13	0	17	17	['(no output)']	
gradients/conv5/BiasAdd_grad/BiasAddGrad:BiasAddGrad	/device:GPU:0/stream:13	0	152	152	['(no output)']	
gradients/conv5/BiasAdd_grad/BiasAddGrad:BiasAddGrad	/device:GPU:0/stream:all	0	17	17	['(no output)']	
gradients/conv5/BiasAdd_grad/BiasAddGrad:BiasAddGrad	/device:GPU:0/stream:all	0	152	152	['(no output)']	
gradients/conv5/Conv2D_grad/Conv2DBackpropFilter	/job:localhost/replica:0/task:0/device:GPU:0	0	72	76	['(3x3x256x256)']	[GPU_0_bfc 202.0MB 202.0MB] gradients/conv5/Conv2D_grad/Conv2DBackpropFilter = Conv2DBackpropFilter(conv4-2-0-TransposeNCHWToNHWC-LayoutOptimizer, ConstantFolding/gradients/conv5/Conv2D_grad/ShapeN-matshapes-1, gradients/conv5_grad/ReluGrad-0-0-TransposeNCHWToNHWC-LayoutOptimizer)
gradients/conv5/Conv2D_grad/Conv2DBackpropFilter:Conv2DBackpropFilter	/device:GPU:0/stream:13	0	108	108	['(no output)']	
gradients/conv5/Conv2D_grad/Conv2DBackpropFilter:Conv2DBackpropFilter	/device:GPU:0/stream:13	0	159	159	['(no output)']	
gradients/conv5/Conv2D_grad/Conv2DBackpropFilter:Conv2DBackpropFilter	/device:GPU:0/stream:13	0	293	293	['(no output)']	
gradients/conv5/Conv2D_grad/Conv2DBackpropFilter:Conv2DBackpropFilter	/device:GPU:0/stream:13	0	293	293	['(no output)']	
gradients/conv5/Conv2D_grad/Conv2DBackpropFilter:Conv2DBackpropFilter	/device:GPU:0/stream:13	0	660	660	['(no output)']	
gradients/conv5/Conv2D_grad/Conv2DBackpropFilter:Conv2DBackpropFilter	/device:GPU:0/stream:13	0	665	665	['(no output)']	
gradients/conv5/Conv2D_grad/Conv2DBackpropFilter:Conv2DBackpropFilter	/device:GPU:0/stream:13	0	2512	2512	['(no output)']	
gradients/conv5/Conv2D_grad/Conv2DBackpropFilter:Conv2DBackpropFilter	/device:GPU:0/stream:all	0	108	108	['(no output)']	
gradients/conv5/Conv2D_grad/Conv2DBackpropFilter:Conv2DBackpropFilter	/device:GPU:0/stream:all	0	159	159	['(no output)']	
gradients/conv5/Conv2D_grad/Conv2DBackpropFilter:Conv2DBackpropFilter	/device:GPU:0/stream:all	0	293	293	['(no output)']	
gradients/conv5/Conv2D_grad/Conv2DBackpropFilter:Conv2DBackpropFilter	/device:GPU:0/stream:all	0	293	293	['(no output)']	
gradients/conv5/Conv2D_grad/Conv2DBackpropFilter:Conv2DBackpropFilter	/device:GPU:0/stream:all	0	660	660	['(no output)']	
gradients/conv5/Conv2D_grad/Conv2DBackpropFilter:Conv2DBackpropFilter	/device:GPU:0/stream:all	0	665	665	['(no output)']	
gradients/conv5/Conv2D_grad/Conv2DBackpropFilter:Conv2DBackpropFilter	/device:GPU:0/stream:all	0	2512	2512	['(no output)']	
gradients/conv5/Conv2D_grad/Conv2DBackpropInput	/job:localhost/replica:0/task:0/device:GPU:0	0	55	58	['(128x256x13x13)']	[GPU_0_bfc 269.5MB 269.5MB] gradients/conv5/Conv2D_grad/Conv2DBackpropInput = Conv2DBackpropInput(gradients/conv5/Conv2D_grad/Conv2DBackpropInput-0-LayoutOptimizer, conv5/weights/read, gradients/conv5_grad/ReluGrad)
gradients/conv5/Conv2D_grad/Conv2DBackpropInput-0-LayoutOptimizer	/job:localhost/replica:0/task:0/device:GPU:0	1	2	3	['(int32 4x1)']	gradients/conv5/Conv2D_grad/Conv2DBackpropInput-0-LayoutOptimizer = Const(^conv5/weights/read, ^conv4)
gradients/conv5/Conv2D_grad/Conv2DBackpropInput:Conv2DBackpropInput	/device:GPU:0/stream:13	0	74	74	['(no output)']	
gradients/conv5/Conv2D_grad/Conv2DBackpropInput:Conv2DBackpropInput	/device:GPU:0/stream:13	0	440	440	['(no output)']	
gradients/conv5/Conv2D_grad/Conv2DBackpropInput:Conv2DBackpropInput	/device:GPU:0/stream:13	0	602	602	['(no output)']	
gradients/conv5/Conv2D_grad/Conv2DBackpropInput:Conv2DBackpropInput	/device:GPU:0/stream:13	0	2441	2441	['(no output)']	
gradients/conv5/Conv2D_grad/Conv2DBackpropInput:Conv2DBackpropInput	/device:GPU:0/stream:18	0	416	416	['(no output)']	
gradients/conv5/Conv2D_grad/Conv2DBackpropInput:Conv2DBackpropInput	/device:GPU:0/stream:all	0	74	74	['(no output)']	
gradients/conv5/Conv2D_grad/Conv2DBackpropInput:Conv2DBackpropInput	/device:GPU:0/stream:all	0	416	416	['(no output)']	
gradients/conv5/Conv2D_grad/Conv2DBackpropInput:Conv2DBackpropInput	/device:GPU:0/stream:all	0	440	440	['(no output)']	
gradients/conv5/Conv2D_grad/Conv2DBackpropInput:Conv2DBackpropInput	/device:GPU:0/stream:all	0	602	602	['(no output)']	
gradients/conv5/Conv2D_grad/Conv2DBackpropInput:Conv2DBackpropInput	/device:GPU:0/stream:all	0	2441	2441	['(no output)']	
gradients/conv5_grad/ReluGrad	/job:localhost/replica:0/task:0/device:GPU:0	0	12	15	['(128x256x13x13)']	gradients/conv5_grad/ReluGrad = ReluGrad(gradients/pool5_grad/MaxPoolGrad, conv5)
gradients/conv5_grad/ReluGrad-0-0-TransposeNCHWToNHWC-LayoutOptimizer	/job:localhost/replica:0/task:0/device:GPU:0	1	12	15	['(128x13x13x256)']	[GPU_0_bfc 27.9MB 27.9MB] gradients/conv5_grad/ReluGrad-0-0-TransposeNCHWToNHWC-LayoutOptimizer = Transpose(gradients/conv5_grad/ReluGrad, PermConstNCHWToNHWC-LayoutOptimizer)
gradients/conv5_grad/ReluGrad-0-0-TransposeNCHWToNHWC-LayoutOptimizer:Transpose	/device:GPU:0/stream:13	0	295	295	['(no output)']	
gradients/conv5_grad/ReluGrad-0-0-TransposeNCHWToNHWC-LayoutOptimizer:Transpose	/device:GPU:0/stream:all	0	295	295	['(no output)']	
gradients/conv5_grad/ReluGrad:ReluGrad	/device:GPU:0/stream:13	0	427	427	['(no output)']	
gradients/conv5_grad/ReluGrad:ReluGrad	/device:GPU:0/stream:all	0	427	427	['(no output)']	
gradients/lrn1/LRN_grad/LRNGrad	/job:localhost/replica:0/task:0/device:GPU:0	1	17	21	['(128x56x56x64)']	[GPU_0_bfc 98.0MB 98.0MB] gradients/lrn1/LRN_grad/LRNGrad = LRNGrad(gradients/pool1_grad/MaxPoolGrad-0-0-TransposeNCHWToNHWC-LayoutOptimizer, conv1-1-1-TransposeNCHWToNHWC-LayoutOptimizer, lrn1/LRN)
gradients/lrn1/LRN_grad/LRNGrad:LRNGrad	/device:GPU:0/stream:13	0	23531	23531	['(no output)']	
gradients/lrn1/LRN_grad/LRNGrad:LRNGrad	/device:GPU:0/stream:all	0	23531	23531	['(no output)']	
gradients/lrn2/LRN_grad/LRNGrad	/job:localhost/replica:0/task:0/device:GPU:0	0	21	38	['(128x27x27x192)']	[GPU_0_bfc 68.3MB 68.3MB] gradients/lrn2/LRN_grad/LRNGrad = LRNGrad(gradients/pool2_grad/MaxPoolGrad-0-0-TransposeNCHWToNHWC-LayoutOptimizer, conv2-1-1-TransposeNCHWToNHWC-LayoutOptimizer, lrn2/LRN)
gradients/lrn2/LRN_grad/LRNGrad:LRNGrad	/device:GPU:0/stream:13	0	30460	30460	['(no output)']	
gradients/lrn2/LRN_grad/LRNGrad:LRNGrad	/device:GPU:0/stream:all	0	30460	30460	['(no output)']	
gradients/pool1_grad/MaxPoolGrad	/job:localhost/replica:0/task:0/device:GPU:0	1	20	24	['(128x64x56x56)']	[GPU_0_bfc 168.4MB 168.4MB] gradients/pool1_grad/MaxPoolGrad = MaxPoolGrad(gradients/pool1_grad/MaxPoolGrad-0-TransposeNHWCToNCHW-LayoutOptimizer, pool1, gradients/conv2/Conv2D_grad/Conv2DBackpropInput)
gradients/pool1_grad/MaxPoolGrad-0-0-TransposeNCHWToNHWC-LayoutOptimizer	/job:localhost/replica:0/task:0/device:GPU:0	1	14	16	['(128x56x56x64)']	[GPU_0_bfc 98.0MB 98.0MB] gradients/pool1_grad/MaxPoolGrad-0-0-TransposeNCHWToNHWC-LayoutOptimizer = Transpose(gradients/pool1_grad/MaxPoolGrad, PermConstNCHWToNHWC-LayoutOptimizer)
gradients/pool1_grad/MaxPoolGrad-0-0-TransposeNCHWToNHWC-LayoutOptimizer:Transpose	/device:GPU:0/stream:13	0	1356	1356	['(no output)']	
gradients/pool1_grad/MaxPoolGrad-0-0-TransposeNCHWToNHWC-LayoutOptimizer:Transpose	/device:GPU:0/stream:all	0	1356	1356	['(no output)']	
gradients/pool1_grad/MaxPoolGrad-0-TransposeNHWCToNCHW-LayoutOptimizer	/job:localhost/replica:0/task:0/device:GPU:0	1	11	13	['(128x64x56x56)']	[GPU_0_bfc 98.0MB 98.0MB] gradients/pool1_grad/MaxPoolGrad-0-TransposeNHWCToNCHW-LayoutOptimizer = Transpose(lrn1/LRN, PermConstNHWCToNCHW-LayoutOptimizer)
gradients/pool1_grad/MaxPoolGrad-0-TransposeNHWCToNCHW-LayoutOptimizer:Transpose	/device:GPU:0/stream:13	0	1371	1371	['(no output)']	
gradients/pool1_grad/MaxPoolGrad-0-TransposeNHWCToNCHW-LayoutOptimizer:Transpose	/device:GPU:0/stream:all	0	1371	1371	['(no output)']	
gradients/pool1_grad/MaxPoolGrad:MaxPoolGrad	/device:GPU:0/stream:13	0	3092	3092	['(no output)']	
gradients/pool1_grad/MaxPoolGrad:MaxPoolGrad	/device:GPU:0/stream:all	0	3092	3092	['(no output)']	
gradients/pool2_grad/MaxPoolGrad	/job:localhost/replica:0/task:0/device:GPU:0	1	33	38	['(128x192x27x27)']	[GPU_0_bfc 68.3MB 68.3MB] gradients/pool2_grad/MaxPoolGrad = MaxPoolGrad(gradients/pool2_grad/MaxPoolGrad-0-TransposeNHWCToNCHW-LayoutOptimizer, pool2, gradients/conv3/Conv2D_grad/Conv2DBackpropInput)
gradients/pool2_grad/MaxPoolGrad-0-0-TransposeNCHWToNHWC-LayoutOptimizer	/job:localhost/replica:0/task:0/device:GPU:0	0	30	33	['(128x27x27x192)']	[GPU_0_bfc 100.0MB 100.0MB] gradients/pool2_grad/MaxPoolGrad-0-0-TransposeNCHWToNHWC-LayoutOptimizer = Transpose(gradients/pool2_grad/MaxPoolGrad, PermConstNCHWToNHWC-LayoutOptimizer)
gradients/pool2_grad/MaxPoolGrad-0-0-TransposeNCHWToNHWC-LayoutOptimizer:Transpose	/device:GPU:0/stream:13	0	947	947	['(no output)']	
gradients/pool2_grad/MaxPoolGrad-0-0-TransposeNCHWToNHWC-LayoutOptimizer:Transpose	/device:GPU:0/stream:all	0	947	947	['(no output)']	
gradients/pool2_grad/MaxPoolGrad-0-TransposeNHWCToNCHW-LayoutOptimizer	/job:localhost/replica:0/task:0/device:GPU:0	0	11	13	['(128x192x27x27)']	[GPU_0_bfc 68.3MB 68.3MB] gradients/pool2_grad/MaxPoolGrad-0-TransposeNHWCToNCHW-LayoutOptimizer = Transpose(lrn2/LRN, PermConstNHWCToNCHW-LayoutOptimizer)
gradients/pool2_grad/MaxPoolGrad-0-TransposeNHWCToNCHW-LayoutOptimizer:Transpose	/device:GPU:0/stream:13	0	949	949	['(no output)']	
gradients/pool2_grad/MaxPoolGrad-0-TransposeNHWCToNCHW-LayoutOptimizer:Transpose	/device:GPU:0/stream:all	0	949	949	['(no output)']	
gradients/pool2_grad/MaxPoolGrad:MaxPoolGrad	/device:GPU:0/stream:13	0	1295	1295	['(no output)']	
gradients/pool2_grad/MaxPoolGrad:MaxPoolGrad	/device:GPU:0/stream:all	0	1295	1295	['(no output)']	
gradients/pool5_grad/MaxPoolGrad	/job:localhost/replica:0/task:0/device:GPU:0	1	20	23	['(128x256x13x13)']	[GPU_0_bfc 21.1MB 21.1MB] gradients/pool5_grad/MaxPoolGrad = MaxPoolGrad(conv5, pool5, pool5)
gradients/pool5_grad/MaxPoolGrad:MaxPoolGrad	/device:GPU:0/stream:13	0	777	777	['(no output)']	
gradients/pool5_grad/MaxPoolGrad:MaxPoolGrad	/device:GPU:0/stream:all	0	777	777	['(no output)']	
lrn1/LRN	/job:localhost/replica:0/task:0/device:GPU:0	0	18	19	['(128x56x56x64)']	[GPU_0_bfc 147.7MB 147.7MB] lrn1/LRN = LRN(conv1-1-1-TransposeNCHWToNHWC-LayoutOptimizer)
lrn1/LRN:LRN	/device:GPU:0/stream:13	0	21354	21354	['(no output)']	
lrn1/LRN:LRN	/device:GPU:0/stream:all	0	21354	21354	['(no output)']	
lrn2/LRN	/job:localhost/replica:0/task:0/device:GPU:0	0	13	15	['(128x27x27x192)']	[GPU_0_bfc 68.3MB 68.3MB] lrn2/LRN = LRN(conv2-1-1-TransposeNCHWToNHWC-LayoutOptimizer)
lrn2/LRN:LRN	/device:GPU:0/stream:13	0	23584	23584	['(no output)']	
lrn2/LRN:LRN	/device:GPU:0/stream:all	0	23584	23584	['(no output)']	
pool1	/job:localhost/replica:0/task:0/device:GPU:0	0	21	23	['(128x64x27x27)']	[GPU_0_bfc 22.8MB 22.8MB] pool1 = MaxPool(gradients/pool1_grad/MaxPoolGrad-0-TransposeNHWCToNCHW-LayoutOptimizer)
pool1-3-0-TransposeNCHWToNHWC-LayoutOptimizer	/job:localhost/replica:0/task:0/device:GPU:0	0	11	13	['(128x27x27x64)']	[GPU_0_bfc 22.8MB 22.8MB] pool1-3-0-TransposeNCHWToNHWC-LayoutOptimizer = Transpose(pool1, PermConstNCHWToNHWC-LayoutOptimizer)
pool1-3-0-TransposeNCHWToNHWC-LayoutOptimizer:Transpose	/device:GPU:0/stream:13	0	316	316	['(no output)']	
pool1-3-0-TransposeNCHWToNHWC-LayoutOptimizer:Transpose	/device:GPU:0/stream:all	0	316	316	['(no output)']	
pool1:MaxPool	/device:GPU:0/stream:13	0	1249	1249	['(no output)']	
pool1:MaxPool	/device:GPU:0/stream:all	0	1249	1249	['(no output)']	
pool2	/job:localhost/replica:0/task:0/device:GPU:0	1	16	18	['(128x192x13x13)']	[GPU_0_bfc 15.8MB 15.8MB] pool2 = MaxPool(gradients/pool2_grad/MaxPoolGrad-0-TransposeNHWCToNCHW-LayoutOptimizer)
pool2-1-0-TransposeNCHWToNHWC-LayoutOptimizer	/job:localhost/replica:0/task:0/device:GPU:0	1	10	12	['(128x13x13x192)']	[GPU_0_bfc 15.8MB 15.8MB] pool2-1-0-TransposeNCHWToNHWC-LayoutOptimizer = Transpose(pool2, PermConstNCHWToNHWC-LayoutOptimizer)
pool2-1-0-TransposeNCHWToNHWC-LayoutOptimizer:Transpose	/device:GPU:0/stream:13	0	220	220	['(no output)']	
pool2-1-0-TransposeNCHWToNHWC-LayoutOptimizer:Transpose	/device:GPU:0/stream:all	0	220	220	['(no output)']	
pool2:MaxPool	/device:GPU:0/stream:13	0	876	876	['(no output)']	
pool2:MaxPool	/device:GPU:0/stream:all	0	876	876	['(no output)']	
pool5	/job:localhost/replica:0/task:0/device:GPU:0	1	16	18	['(128x256x6x6)']	[GPU_0_bfc 4.5MB 4.5MB] pool5 = MaxPool(conv5)
pool5:MaxPool	/device:GPU:0/stream:13	0	270	270	['(no output)']	
pool5:MaxPool	/device:GPU:0/stream:all	0	270	270	['(no output)']	
