Op rank by total time	Time of 1 call, microseconds	Number of calls in 1 run	Total time in 1 run	% of total time	Cumulative time, microseconds	% of total cumulative time	(FL)OP estimation	GFLOP/S achieved	Op name	Device	Input/output tensors
1	   2984.7	      5.0	  14923.4	      2.0	  14923.4	      2.0	        0	    0.000	Conv2DBackpropFilter	GPU-0	(64x256x14x14)(int32 4x1)(64x256x14x14)(256x1)(256x1)(1x1)(1x1)->(3x3x256x256)
2	   2848.8	      5.0	  14243.9	      1.9	  29167.2	      3.8	        0	    0.000	Conv2DBackpropFilter	GPU-0	(64x1024x14x14)(int32 4x1)(64x256x14x14)(256x1)(256x1)(1x1)(1x1)->(1x1x1024x256)
3	   4644.0	      3.0	  13931.9	      1.8	  43099.1	      5.7	        0	    0.000	Conv2DBackpropFilter	GPU-0	(64x64x56x56)(int32 4x1)(64x64x56x56)(64x1)(64x1)(1x1)(1x1)->(3x3x64x64)
4	   2671.8	      5.0	  13358.9	      1.8	  56458.0	      7.4	        0	    0.000	Conv2DBackpropInput	GPU-0	(int32 4x1)(3x3x256x256)(64x256x14x14)(256x1)(256x1)(1x1)(1x1)->(64x256x14x14)
5	   2617.4	      5.0	  13086.8	      1.7	  69544.8	      9.2	        0	    0.000	Conv2DBackpropFilter	GPU-0	(64x256x14x14)(int32 4x1)(64x1024x14x14)->(1x1x256x1024)
6	   4209.6	      3.0	  12628.8	      1.7	  82173.6	     10.8	        0	    0.000	FusedBatchNormGrad	GPU-0	(64x256x56x56)(64x256x56x56)(256x1)(256x1)(256x1)->(64x256x56x56)(256x1)(256x1)(1x1)(1x1)
7	   1793.7	      7.0	  12555.8	      1.7	  94729.4	     12.5	        0	    0.000	FusedBatchNormGrad	GPU-0	(64x128x28x28)(64x128x28x28)(128x1)(128x1)(128x1)->(64x128x28x28)(128x1)(128x1)(1x1)(1x1)
8	   1095.0	     11.0	  12045.2	      1.6	 106774.6	     14.1	        0	    0.000	FusedBatchNormGrad	GPU-0	(64x256x14x14)(64x256x14x14)(256x1)(256x1)(256x1)->(64x256x14x14)(256x1)(256x1)(1x1)(1x1)
9	   3975.8	      3.0	  11927.5	      1.6	 118702.1	     15.6	        0	    0.000	Conv2DBackpropFilter	GPU-0	(64x128x28x28)(int32 4x1)(64x512x28x28)->(1x1x128x512)
10	   3933.8	      3.0	  11801.4	      1.6	 130503.5	     17.2	        0	    0.000	Conv2DBackpropFilter	GPU-0	(64x128x28x28)(int32 4x1)(64x128x28x28)(128x1)(128x1)(1x1)(1x1)->(3x3x128x128)
11	   3783.3	      3.0	  11349.8	      1.5	 141853.3	     18.7	        0	    0.000	Conv2DBackpropFilter	GPU-0	(64x512x28x28)(int32 4x1)(64x128x28x28)(128x1)(128x1)(1x1)(1x1)->(1x1x512x128)
12	   3709.2	      3.0	  11127.6	      1.5	 152980.9	     20.1	        0	    0.000	Conv2DBackpropFilter	GPU-0	(64x64x56x56)(int32 4x1)(64x256x56x56)->(1x1x64x256)
13	   1773.3	      6.0	  10639.9	      1.4	 163620.8	     21.5	39460012032	 3708.693	Conv2D	GPU-0	(64x256x14x14)(1x1x256x1024)->(64x1024x14x14)
14	   3507.2	      3.0	  10521.6	      1.4	 174142.4	     22.9	        0	    0.000	Conv2DBackpropInput	GPU-0	(int32 4x1)(3x3x128x128)(64x128x28x28)(128x1)(128x1)(1x1)(1x1)->(64x128x28x28)
15	   5226.1	      2.0	  10452.2	      1.4	 184594.7	     24.3	        0	    0.000	Conv2DBackpropFilter	GPU-0	(64x256x56x56)(int32 4x1)(64x64x56x56)(64x1)(64x1)(1x1)(1x1)->(1x1x256x64)
16	   2069.2	      5.0	  10346.0	      1.4	 194940.6	     25.7	73987522560	 7151.344	Conv2D	GPU-0	(64x256x14x14)(3x3x256x256)->(64x256x14x14)
17	   2390.1	      4.0	   9560.3	      1.3	 204500.9	     26.9	        0	    0.000	FusedBatchNormGrad	GPU-0	(64x512x28x28)(64x512x28x28)(512x1)(512x1)(512x1)->(64x512x28x28)(512x1)(512x1)(1x1)(1x1)
18	   4743.8	      2.0	   9487.5	      1.2	 213988.4	     28.2	        0	    0.000	Conv2DBackpropFilter	GPU-0	(64x512x7x7)(int32 4x1)(64x512x7x7)(512x1)(512x1)(1x1)(1x1)->(3x3x512x512)
19	   3146.2	      3.0	   9438.5	      1.2	 223426.9	     29.4	        0	    0.000	Conv2DBackpropInput	GPU-0	(int32 4x1)(1x1x128x512)(64x512x28x28)->(64x128x28x28)
20	   9250.0	      1.0	   9250.0	      1.2	 232676.9	     30.6	        0	    0.000	Conv2DBackpropInput	GPU-0	(int32 4x1)(3x3x128x128)(64x128x28x28)(128x1)(128x1)(1x1)(1x1)->(64x128x58x58)
21	   1819.5	      5.0	   9097.5	      1.2	 241774.4	     31.8	32883343360	 3614.547	Conv2D	GPU-0	(64x1024x14x14)(1x1x1024x256)->(64x256x14x14)
22	   2259.9	      4.0	   9039.7	      1.2	 250814.1	     33.0	26306674688	 2910.130	Conv2D	GPU-0	(64x64x56x56)(1x1x64x256)->(64x256x56x56)
23	   1789.5	      5.0	   8947.5	      1.2	 259761.6	     34.2	        0	    0.000	Conv2DBackpropInput	GPU-0	(int32 4x1)(1x1x1024x256)(64x256x14x14)(256x1)(256x1)(1x1)(1x1)->(64x1024x14x14)
24	   1238.6	      7.0	   8670.3	      1.1	 268431.9	     35.4	        0	    0.000	FusedBatchNormGrad	GPU-0	(64x64x56x56)(64x64x56x56)(64x1)(64x1)(64x1)->(64x64x56x56)(64x1)(64x1)(1x1)(1x1)
25	   1386.5	      6.0	   8319.1	      1.1	 276751.0	     36.4	        0	    0.000	FusedBatchNormGrad	GPU-0	(64x1024x14x14)(64x1024x14x14)(1024x1)(1024x1)(1024x1)->(64x1024x14x14)(1024x1)(1024x1)(1x1)(1x1)
26	   4078.7	      2.0	   8157.4	      1.1	 284908.5	     37.5	        0	    0.000	Conv2DBackpropFilter	GPU-0	(64x2048x7x7)(int32 4x1)(64x512x7x7)(512x1)(512x1)(1x1)(1x1)->(1x1x2048x512)
27	   3862.5	      2.0	   7724.9	      1.0	 292633.4	     38.5	        0	    0.000	Conv2DBackpropInput	GPU-0	(int32 4x1)(1x1x256x64)(64x64x56x56)(64x1)(64x1)(1x1)(1x1)->(64x256x56x56)
28	   1866.8	      4.0	   7467.2	      1.0	 300100.6	     39.5	26306674688	 3522.973	Conv2D	GPU-0	(64x128x28x28)(1x1x128x512)->(64x512x28x28)
29	   2473.0	      3.0	   7419.1	      1.0	 307519.6	     40.5	        0	    0.000	FusedBatchNorm	GPU-0	(64x256x56x56)(256x1)(256x1)(1x1)(1x1)->(64x256x56x56)(256x1)(256x1)(256x1)(256x1)
30	   1441.4	      5.0	   7207.1	      0.9	 314726.7	     41.5	        0	    0.000	Conv2DBackpropInput	GPU-0	(int32 4x1)(1x1x256x1024)(64x1024x14x14)->(64x256x14x14)
31	   2387.1	      3.0	   7161.2	      0.9	 321887.9	     42.4	        0	    0.000	ReluGrad	GPU-0	(64x256x56x56)(64x256x56x56)->(64x256x56x56)
32	   2380.3	      3.0	   7141.0	      0.9	 329028.9	     43.3	154140672	   21.585	Add	GPU-0	(64x256x56x56)(64x256x56x56)->(64x256x56x56)
33	   3337.2	      2.0	   6674.3	      0.9	 335703.2	     44.2	        0	    0.000	Conv2DBackpropInput	GPU-0	(int32 4x1)(1x1x512x2048)(64x2048x7x7)->(64x512x7x7)
34	   2224.7	      3.0	   6674.1	      0.9	 342377.3	     45.1	44392513536	 6651.471	Conv2D	GPU-0	(64x128x28x28)(3x3x128x128)->(64x128x28x28)
35	   2154.0	      3.0	   6462.1	      0.9	 348839.4	     45.9	44392513536	 6869.630	Conv2D	GPU-0	(64x64x56x56)(3x3x64x64)->(64x64x56x56)
36	   3231.1	      2.0	   6462.1	      0.9	 355301.5	     46.8	        0	    0.000	Conv2DBackpropFilter	GPU-0	(64x512x7x7)(int32 4x1)(64x2048x7x7)->(1x1x512x2048)
37	   6412.3	      1.0	   6412.3	      0.8	 361713.8	     47.6	        0	    0.000	Conv2DBackpropInput	GPU-0	(int32 4x1)(3x3x256x256)(64x256x14x14)(256x1)(256x1)(1x1)(1x1)->(64x256x30x30)
38	   6198.2	      1.0	   6198.2	      0.8	 367912.0	     48.5	        0	    0.000	Conv2DBackpropFilter	GPU-0	(64x256x56x56)(int32 4x1)(64x512x28x28)->(1x1x256x512)
39	   6147.1	      1.0	   6147.1	      0.8	 374059.2	     49.3	        0	    0.000	Conv2DBackpropFilter	GPU-0	(64x1024x14x14)(int32 4x1)(64x2048x7x7)->(1x1x1024x2048)
40	   6108.3	      1.0	   6108.3	      0.8	 380167.5	     50.1	        0	    0.000	Conv2DBackpropInput	GPU-0	(int32 4x1)(1x1x256x512)(64x512x28x28)->(64x256x56x56)
41	   6033.5	      1.0	   6033.5	      0.8	 386201.0	     50.9	        0	    0.000	Conv2DBackpropFilter	GPU-0	(64x256x56x56)(int32 4x1)(64x128x56x56)(128x1)(128x1)(1x1)(1x1)->(1x1x256x128)
42	    195.8	     30.0	   5875.1	      0.8	 392076.1	     51.6	     7680	    0.001	AssignSub	GPU-0	(256x1)(256x1)->(256x1)
43	    830.4	      7.0	   5813.0	      0.8	 397889.2	     52.4	        0	    0.000	ReluGrad	GPU-0	(64x64x56x56)(64x64x56x56)->(64x64x56x56)
44	   1923.9	      3.0	   5771.8	      0.8	 403661.0	     53.2	        0	    0.000	Conv2DBackpropInput	GPU-0	(int32 4x1)(1x1x64x256)(64x256x56x56)->(64x64x56x56)
45	   1910.5	      3.0	   5731.4	      0.8	 409392.4	     53.9	        0	    0.000	Conv2DBackpropInput	GPU-0	(int32 4x1)(1x1x512x128)(64x128x28x28)(128x1)(128x1)(1x1)(1x1)->(64x512x28x28)
46	   1881.8	      3.0	   5645.4	      0.7	 415037.8	     54.7	        0	    0.000	Conv2DBackpropInput	GPU-0	(int32 4x1)(3x3x64x64)(64x64x56x56)(64x1)(64x1)(1x1)(1x1)->(64x64x56x56)
47	   5633.3	      1.0	   5633.3	      0.7	 420671.2	     55.4	        0	    0.000	Conv2DBackpropInput	GPU-0	(int32 4x1)(3x3x512x512)(64x512x7x7)(512x1)(512x1)(1x1)(1x1)->(64x512x16x16)
48	   5408.9	      1.0	   5408.9	      0.7	 426080.0	     56.1	        0	    0.000	Conv2DBackpropFilter	GPU-0	(64x64x56x56)(int32 4x1)(64x256x56x56)(256x1)(256x1)(1x1)(1x1)->(1x1x64x256)
49	   1790.2	      3.0	   5370.5	      0.7	 431450.6	     56.8	19730006016	 3673.754	Conv2D	GPU-0	(64x512x7x7)(1x1x512x2048)->(64x2048x7x7)
50	   1333.0	      4.0	   5332.1	      0.7	 436782.6	     57.5	 51380224	    9.636	AddN	GPU-0	(64x1024x14x14)(64x1024x14x14)(1024x1)(1024x1)(1x1)(1x1)->(64x1024x14x14)
51	   1764.6	      3.0	   5293.8	      0.7	 442076.4	     58.2	19730006016	 3726.995	Conv2D	GPU-0	(64x512x28x28)(1x1x512x128)->(64x128x28x28)
52	    739.0	      7.0	   5172.8	      0.7	 447249.3	     58.9	        0	    0.000	FusedBatchNorm	GPU-0	(64x64x56x56)(64x1)(64x1)(1x1)(1x1)->(64x64x56x56)(64x1)(64x1)(64x1)(64x1)
53	   5170.8	      1.0	   5170.8	      0.7	 452420.0	     59.6	        0	    0.000	Conv2DBackpropFilter	GPU-0	(64x3x230x230)(int32 4x1)(64x64x112x112)->(7x7x3x64)
54	    723.7	      7.0	   5065.8	      0.7	 457485.9	     60.3	        0	    0.000	ReluGrad	GPU-0	(64x128x28x28)(64x128x28x28)->(64x128x28x28)
55	   2526.8	      2.0	   5053.7	      0.7	 462539.5	     60.9	        0	    0.000	Conv2DBackpropInput	GPU-0	(int32 4x1)(1x1x2048x512)(64x512x7x7)(512x1)(512x1)(1x1)(1x1)->(64x2048x7x7)
56	   2517.2	      2.0	   5034.5	      0.7	 467574.0	     61.6	        0	    0.000	Conv2DBackpropInput	GPU-0	(int32 4x1)(3x3x512x512)(64x512x7x7)(512x1)(512x1)(1x1)(1x1)->(64x512x7x7)
57	   1255.7	      4.0	   5022.9	      0.7	 472596.9	     62.2	        0	    0.000	FusedBatchNorm	GPU-0	(64x512x28x28)(512x1)(512x1)(1x1)(1x1)->(64x512x28x28)(512x1)(512x1)(512x1)(512x1)
58	   1248.3	      4.0	   4993.0	      0.7	 477589.9	     62.9	        0	    0.000	ReluGrad	GPU-0	(64x512x28x28)(64x512x28x28)->(64x512x28x28)
59	   1631.3	      3.0	   4894.0	      0.6	 482483.9	     63.5	        0	    0.000	Relu	GPU-0	(64x256x56x56)(256x1)(256x1)(256x1)(256x1)->(64x256x56x56)
60	   1190.9	      4.0	   4763.5	      0.6	 487247.4	     64.2	102760448	   21.573	Add	GPU-0	(64x512x28x28)(64x512x28x28)->(64x512x28x28)
61	   4698.7	      1.0	   4698.7	      0.6	 491946.0	     64.8	        0	    0.000	Conv2DBackpropFilter	GPU-0	(64x512x16x16)(int32 4x1)(64x512x7x7)(512x1)(512x1)(1x1)(1x1)->(3x3x512x512)
62	   4693.6	      1.0	   4693.6	      0.6	 496639.7	     65.4	        0	    0.000	Conv2DBackpropFilter	GPU-0	(64x128x58x58)(int32 4x1)(64x128x28x28)(128x1)(128x1)(1x1)(1x1)->(3x3x128x128)
63	   4539.2	      1.0	   4539.2	      0.6	 501178.9	     66.0	        0	    0.000	Conv2DBackpropInput	GPU-0	(int32 4x1)(1x1x1024x2048)(64x2048x7x7)->(64x1024x14x14)
64	   4504.8	      1.0	   4504.8	      0.6	 505683.7	     66.6	        0	    0.000	Conv2DBackpropInput	GPU-0	(int32 4x1)(1x1x512x1024)(64x1024x14x14)->(64x512x28x28)
65	   4432.0	      1.0	   4432.0	      0.6	 510115.7	     67.2	        0	    0.000	Conv2DBackpropFilter	GPU-0	(64x256x30x30)(int32 4x1)(64x256x14x14)(256x1)(256x1)(1x1)(1x1)->(3x3x256x256)
66	   4426.4	      1.0	   4426.4	      0.6	 514542.1	     67.8	        0	    0.000	Conv2DBackpropFilter	GPU-0	(64x512x28x28)(int32 4x1)(64x1024x14x14)->(1x1x512x1024)
67	   4409.5	      1.0	   4409.5	      0.6	 518951.6	     68.3	        0	    0.000	Conv2DBackpropFilter	GPU-0	(64x512x28x28)(int32 4x1)(64x256x28x28)(256x1)(256x1)(1x1)(1x1)->(1x1x512x256)
68	    705.8	      6.0	   4234.7	      0.6	 523186.3	     68.9	        0	    0.000	ReluGrad	GPU-0	(64x1024x14x14)(64x1024x14x14)->(64x1024x14x14)
69	    261.5	     16.0	   4184.1	      0.6	 527370.4	     69.5	     2048	    0.000	AssignSub	GPU-0	(128x1)(128x1)->(128x1)
70	   4075.0	      1.0	   4075.0	      0.5	 531445.4	     70.0	        0	    0.000	Conv2DBackpropFilter	GPU-0	(64x1024x14x14)(int32 4x1)(64x512x14x14)(512x1)(512x1)(1x1)(1x1)->(1x1x1024x512)
71	   2002.0	      2.0	   4004.1	      0.5	 535449.5	     70.5	29595009024	 7391.213	Conv2D	GPU-0	(64x512x7x7)(3x3x512x512)->(64x512x7x7)
72	    640.5	      6.0	   3842.7	      0.5	 539292.2	     71.0	 77070336	   20.056	Add	GPU-0	(64x1024x14x14)(64x1024x14x14)->(64x1024x14x14)
73	   3780.3	      1.0	   3780.3	      0.5	 543072.5	     71.5	        0	    0.000	Conv2DBackpropInput	GPU-0	(int32 4x1)(1x1x256x128)(64x128x56x56)(128x1)(128x1)(1x1)(1x1)->(64x256x56x56)
74	    337.8	     11.0	   3716.3	      0.5	 546788.8	     72.0	        0	    0.000	ReluGrad	GPU-0	(64x256x14x14)(64x256x14x14)->(64x256x14x14)
75	    527.0	      7.0	   3689.3	      0.5	 550478.2	     72.5	        0	    0.000	Relu	GPU-0	(64x64x56x56)(64x1)(64x1)(64x1)(64x1)->(64x64x56x56)
76	   1800.0	      2.0	   3599.9	      0.5	 554078.1	     73.0	13153337344	 3653.756	Conv2D	GPU-0	(64x256x56x56)(1x1x256x64)->(64x64x56x56)
77	    676.5	      5.0	   3382.4	      0.4	 557460.5	     73.4	        0	    0.000	FusedBatchNormGrad	GPU-0	(64x512x7x7)(64x512x7x7)(512x1)(512x1)(512x1)->(64x512x7x7)(512x1)(512x1)(1x1)(1x1)
78	    844.5	      4.0	   3378.0	      0.4	 560838.5	     73.9	        0	    0.000	Relu	GPU-0	(64x512x28x28)(512x1)(512x1)(512x1)(512x1)->(64x512x28x28)
79	   1662.6	      2.0	   3325.2	      0.4	 564163.7	     74.3	13153337344	 3955.665	Conv2D	GPU-0	(64x2048x7x7)(1x1x2048x512)->(64x512x7x7)
80	   3289.0	      1.0	   3289.0	      0.4	 567452.7	     74.7	15105785856	 4592.862	Conv2D	GPU-0	(64x3x230x230)(7x7x3x64)->(64x64x112x112)
81	   3275.6	      1.0	   3275.6	      0.4	 570728.3	     75.2	13153337344	 4015.563	Conv2D	GPU-0	(64x1024x14x14)(1x1x1024x2048)->(64x2048x7x7)
82	   3243.2	      1.0	   3243.2	      0.4	 573971.5	     75.6	        0	    0.000	Conv2DBackpropInput	GPU-0	(int32 4x1)(1x1x512x256)(64x256x28x28)(256x1)(256x1)(1x1)(1x1)->(64x512x28x28)
83	   3169.2	      1.0	   3169.2	      0.4	 577140.7	     76.0	 51380224	   16.213	AddN	GPU-0	(64x256x56x56)(64x256x56x56)->(64x256x56x56)
84	    102.6	     30.0	   3076.8	      0.4	 580217.4	     76.4	     7680	    0.002	Sub	GPU-0	(256x1)(256x1)->(256x1)
85	   3068.3	      1.0	   3068.3	      0.4	 583285.8	     76.8	        0	    0.000	Conv2DBackpropFilter	GPU-0	(64x512x7x7)(int32 4x1)(64x2048x7x7)(2048x1)(2048x1)(1x1)(1x1)->(1x1x512x2048)
86	    507.8	      6.0	   3047.0	      0.4	 586332.8	     77.2	        0	    0.000	FusedBatchNorm	GPU-0	(64x1024x14x14)(1024x1)(1024x1)(1x1)(1x1)->(64x1024x14x14)(1024x1)(1024x1)(1024x1)(1024x1)
87	   1499.6	      2.0	   2999.2	      0.4	 589332.0	     77.6	 51380224	   17.131	AddN	GPU-0	(64x512x28x28)(64x512x28x28)(512x1)(512x1)(1x1)(1x1)->(64x512x28x28)
88	   2951.8	      1.0	   2951.8	      0.4	 592283.8	     78.0	13153337344	 4455.994	Conv2D	GPU-0	(64x512x28x28)(1x1x512x1024)->(64x1024x14x14)
89	     91.8	     30.0	   2755.4	      0.4	 595039.2	     78.4	     7680	    0.003	Mul	GPU-0	(256x1)(1x1)->(256x1)
90	   2597.6	      1.0	   2597.6	      0.3	 597636.8	     78.7	        0	    0.000	Conv2DBackpropInput	GPU-0	(int32 4x1)(1x1x1024x512)(64x512x14x14)(512x1)(512x1)(1x1)(1x1)->(64x1024x14x14)
91	   2567.6	      1.0	   2567.6	      0.3	 600204.4	     79.1	13153337344	 5122.794	Conv2D	GPU-0	(64x256x56x56)(1x1x256x512)->(64x512x28x28)
92	    426.5	      6.0	   2559.0	      0.3	 602763.5	     79.4	        0	    0.000	Relu	GPU-0	(64x1024x14x14)(1024x1)(1024x1)(1024x1)(1024x1)->(64x1024x14x14)
93	    127.8	     20.0	   2556.7	      0.3	 605320.1	     79.7	    10240	    0.004	AssignSub	GPU-0	(512x1)(512x1)->(512x1)
94	   2542.6	      1.0	   2542.6	      0.3	 607862.7	     80.1	        0	    0.000	MaxPoolGrad	GPU-0	(64x64x112x112)(64x64x56x56)(64x64x56x56)(64x1)(64x1)(1x1)(1x1)->(64x64x112x112)
95	    361.7	      7.0	   2532.2	      0.3	 610394.9	     80.4	        0	    0.000	FusedBatchNorm	GPU-0	(64x128x28x28)(128x1)(128x1)(1x1)(1x1)->(64x128x28x28)(128x1)(128x1)(128x1)(128x1)
96	   2524.9	      1.0	   2524.9	      0.3	 612919.8	     80.7	        0	    0.000	MEMCPYHtoD	GPU-0	(Transfer)->(38535168 bytes)
97	   2488.8	      1.0	   2488.8	      0.3	 615408.6	     81.1	        0	    0.000	Conv2DBackpropFilter	GPU-0	(64x128x28x28)(int32 4x1)(64x512x28x28)(512x1)(512x1)(1x1)(1x1)->(1x1x128x512)
98	    828.3	      3.0	   2485.0	      0.3	 617893.6	     81.4	        0	    0.000	FusedBatchNormGrad	GPU-0	(64x2048x7x7)(64x2048x7x7)(2048x1)(2048x1)(2048x1)->(64x2048x7x7)(2048x1)(2048x1)(1x1)(1x1)
99	   2462.9	      1.0	   2462.9	      0.3	 620356.5	     81.7	 51380224	   20.862	AddN	GPU-0	(64x256x56x56)(256x1)(256x1)(1x1)(1x1)(64x256x56x56)(256x1)(256x1)(1x1)(1x1)->(64x256x56x56)
100	   2453.9	      1.0	   2453.9	      0.3	 622810.4	     82.0	        0	    0.000	Conv2DBackpropInput	GPU-0	(int32 4x1)(1x1x64x256)(64x256x56x56)(256x1)(256x1)(1x1)(1x1)->(64x64x56x56)
101	   2448.9	      1.0	   2448.9	      0.3	 625259.3	     82.4	        0	    0.000	FusedBatchNormGrad	GPU-0	(64x128x56x56)(64x128x56x56)(128x1)(128x1)(128x1)->(64x128x56x56)(128x1)(128x1)(1x1)(1x1)
102	    152.5	     16.0	   2440.3	      0.3	 627699.6	     82.7	     2048	    0.001	Sub	GPU-0	(128x1)(128x1)->(128x1)
103	   2436.7	      1.0	   2436.7	      0.3	 630136.3	     83.0	13153337344	 5397.990	Conv2D	GPU-0	(64x256x56x56)(1x1x256x128)->(64x128x56x56)
104	   2422.3	      1.0	   2422.3	      0.3	 632558.6	     83.3	14797504512	 6108.941	Conv2D	GPU-0	(64x128x58x58)(3x3x128x128)->(64x128x28x28)
105	   2417.8	      1.0	   2417.8	      0.3	 634976.4	     83.6	14797504512	 6120.286	Conv2D	GPU-0	(64x512x16x16)(3x3x512x512)->(64x512x7x7)
106	   2374.0	      1.0	   2374.0	      0.3	 637350.4	     83.9	13153337344	 5540.534	Conv2D	GPU-0	(64x512x28x28)(1x1x512x256)->(64x256x28x28)
107	    591.2	      4.0	   2364.9	      0.3	 639715.2	     84.3	   589824	    0.249	AddN	GPU-0	(3x3x128x128)(3x3x128x128)->(3x3x128x128)
108	   2318.7	      1.0	   2318.7	      0.3	 642034.0	     84.6	        0	    0.000	Conv2DBackpropFilter	GPU-0	(64x256x14x14)(int32 4x1)(64x1024x14x14)(1024x1)(1024x1)(1x1)(1x1)->(1x1x256x1024)
109	    165.2	     14.0	   2312.6	      0.3	 644346.5	     84.9	      896	    0.000	Mul	GPU-0	(64x1)(1x1)->(64x1)
110	   2280.9	      1.0	   2280.9	      0.3	 646627.5	     85.2	13153337344	 5766.655	Conv2D	GPU-0	(64x1024x14x14)(1x1x1024x512)->(64x512x14x14)
111	   2216.1	      1.0	   2216.1	      0.3	 648843.6	     85.5	14797504512	 6677.152	Conv2D	GPU-0	(64x256x30x30)(3x3x256x256)->(64x256x14x14)
112	    110.5	     20.0	   2210.7	      0.3	 651054.4	     85.7	    10240	    0.005	Sub	GPU-0	(512x1)(512x1)->(512x1)
113	   2171.0	      1.0	   2171.0	      0.3	 653225.4	     86.0	 51380224	   23.666	AddN	GPU-0	(64x256x56x56)(64x256x56x56)(256x1)(256x1)(1x1)(1x1)->(64x256x56x56)
114	    154.0	     14.0	   2156.1	      0.3	 655381.4	     86.3	      896	    0.000	AssignSub	GPU-0	(64x1)(64x1)->(64x1)
115	    268.4	      8.0	   2146.9	      0.3	 657528.3	     86.6	        0	    0.000	MEMCPYHtoD	GPU-0	(Transfer)->(1 bytes)
116	   2065.4	      1.0	   2065.4	      0.3	 659593.7	     86.9	        0	    0.000	Conv2DBackpropInput	GPU-0	(int32 4x1)(1x1x128x512)(64x512x28x28)(512x1)(512x1)(1x1)(1x1)->(64x128x28x28)
117	    146.8	     14.0	   2055.7	      0.3	 661649.4	     87.1	      896	    0.000	Sub	GPU-0	(64x1)(64x1)->(64x1)
118	   1883.0	      1.0	   1883.0	      0.2	 663532.4	     87.4	        0	    0.000	ReluGrad	GPU-0	(64x128x56x56)(64x128x56x56)->(64x128x56x56)
119	   1877.7	      1.0	   1877.7	      0.2	 665410.2	     87.6	        0	    0.000	FusedBatchNormGrad	GPU-0	(64x256x28x28)(64x256x28x28)(256x1)(256x1)(256x1)->(64x256x28x28)(256x1)(256x1)(1x1)(1x1)
120	    293.3	      6.0	   1760.0	      0.2	 667170.2	     87.9	  4718586	    2.681	L2Loss	GPU-0	(1x1x256x1024)->(1x1)
121	    433.9	      4.0	   1735.7	      0.2	 668905.8	     88.1	    65536	    0.038	AddN	GPU-0	(1x1x64x256)(1x1x64x256)->(1x1x64x256)
122	    106.5	     16.0	   1704.5	      0.2	 670610.3	     88.3	     2048	    0.001	Mul	GPU-0	(128x1)(1x1)->(128x1)
123	    235.3	      7.0	   1646.8	      0.2	 672257.1	     88.5	        0	    0.000	Relu	GPU-0	(64x128x28x28)(128x1)(128x1)(128x1)(128x1)->(64x128x28x28)
124	    143.4	     11.0	   1576.9	      0.2	 673834.0	     88.7	        0	    0.000	FusedBatchNorm	GPU-0	(64x256x14x14)(256x1)(256x1)(1x1)(1x1)->(64x256x14x14)(256x1)(256x1)(256x1)(256x1)
125	   1542.3	      1.0	   1542.3	      0.2	 675376.3	     89.0	        0	    0.000	MaxPool	GPU-0	(64x64x112x112)->(64x64x56x56)
126	    292.8	      5.0	   1463.8	      0.2	 676840.2	     89.1	        0	    0.000	ReluGrad	GPU-0	(64x512x7x7)(64x512x7x7)->(64x512x7x7)
127	    283.4	      5.0	   1416.8	      0.2	 678256.9	     89.3	  3932155	    2.775	L2Loss	GPU-0	(1x1x1024x256)->(1x1)
128	   1414.7	      1.0	   1414.7	      0.2	 679671.6	     89.5	        0	    0.000	Conv2DBackpropInput	GPU-0	(int32 4x1)(1x1x256x1024)(64x1024x14x14)(1024x1)(1024x1)(1x1)(1x1)->(64x256x14x14)
129	    234.0	      6.0	   1403.8	      0.2	 681075.4	     89.7	 10616826	    7.563	L2Loss	GPU-0	(3x3x256x256)->(1x1)
130	   1397.3	      1.0	   1397.3	      0.2	 682472.7	     89.9	        0	    0.000	SparseSoftmaxCrossEntropyWithLogits	GPU-0	(64x1001)(64x224x224x3)(int32 64x1)->(64x1)(64x1001)
131	    126.7	     11.0	   1394.0	      0.2	 683866.7	     90.1	        0	    0.000	Relu	GPU-0	(64x256x14x14)(256x1)(256x1)(256x1)(256x1)->(64x256x14x14)
132	   1374.8	      1.0	   1374.8	      0.2	 685241.5	     90.3	        0	    0.000	ReluGrad	GPU-0	(64x256x28x28)(64x256x28x28)->(64x256x28x28)
133	   1374.2	      1.0	   1374.2	      0.2	 686615.7	     90.4	 25690112	   18.695	AddN	GPU-0	(64x512x28x28)(64x512x28x28)->(64x512x28x28)
134	    457.6	      3.0	   1372.9	      0.2	 687988.6	     90.6	 21233661	   15.467	L2Loss	GPU-0	(3x3x512x512)->(1x1)
135	    112.7	     12.0	   1352.9	      0.2	 689341.5	     90.8	    12288	    0.009	AssignSub	GPU-0	(1024x1)(1024x1)->(1024x1)
136	    222.5	      6.0	   1335.1	      0.2	 690676.6	     91.0	    12288	    0.009	AssignSub	GPU-0	(2048x1)(2048x1)->(2048x1)
137	   1306.5	      1.0	   1306.5	      0.2	 691983.0	     91.1	 25690112	   19.663	AddN	GPU-0	(64x512x28x28)(512x1)(512x1)(1x1)(1x1)(64x512x28x28)(512x1)(512x1)(1x1)(1x1)->(64x512x28x28)
138	   1292.9	      1.0	   1292.9	      0.2	 693275.9	     91.3	        0	    0.000	Conv2DBackpropInput	GPU-0	(int32 4x1)(1x1x512x2048)(64x2048x7x7)(2048x1)(2048x1)(1x1)(1x1)->(64x512x7x7)
139	    430.0	      3.0	   1290.0	      0.2	 694565.9	     91.5	        0	    0.000	ReluGrad	GPU-0	(64x2048x7x7)(64x2048x7x7)->(64x2048x7x7)
140	   1261.4	      1.0	   1261.4	      0.2	 695827.3	     91.6	        0	    0.000	Conv2DBackpropFilter	GPU-0	(64x64x56x56)(int32 4x1)(64x64x56x56)(64x1)(64x1)(1x1)(1x1)->(1x1x64x64)
141	   1257.8	      1.0	   1257.8	      0.2	 697085.1	     91.8	        0	    0.000	FusedBatchNormGrad	GPU-0	(64x512x14x14)(64x512x14x14)(512x1)(512x1)(512x1)->(64x512x14x14)(512x1)(512x1)(1x1)(1x1)
142	   1242.4	      1.0	   1242.4	      0.2	 698327.5	     92.0	       54	    0.000	AddN	GPU-0	(1x1)(1x1)(1x1)(1x1)(1x1)(1x1)(1x1)(1x1)(1x1)(1x1)(1x1)(1x1)(1x1)(1x1)(1x1)(1x1)(1x1)(1x1)(1x1)(1x1)(1x1)(1x1)(1x1)(1x1)(1x1)(1x1)(1x1)(1x1)(1x1)(1x1)(1x1)(1x1)(1x1)(1x1)(1x1)(1x1)(1x1)(1x1)(1x1)(1x1)(1x1)(1x1)(1x1)(1x1)(1x1)(1x1)(1x1)(1x1)(1x1)(1x1)(1x1)(1x1)(1x1)(1x1)(1x1)->(1x1)
143	   1241.9	      1.0	   1241.9	      0.2	 699569.3	     92.1	        0	    0.000	FusedBatchNorm	GPU-0	(64x128x56x56)(128x1)(128x1)(1x1)(1x1)->(64x128x56x56)(128x1)(128x1)(128x1)(128x1)
144	   1160.4	      1.0	   1160.4	      0.2	 700729.7	     92.3	   131072	    0.113	AddN	GPU-0	(1x1x256x512)(1x1x256x512)->(1x1x256x512)
145	     57.2	     20.0	   1143.8	      0.2	 701873.6	     92.4	    10240	    0.009	Mul	GPU-0	(512x1)(1x1)->(512x1)
146	    184.2	      6.0	   1105.4	      0.1	 702979.0	     92.6	  3538944	    3.201	Mul	GPU-0	(3x3x256x256)(1x1)->(3x3x256x256)
147	    361.1	      3.0	   1083.3	      0.1	 704062.3	     92.7	        0	    0.000	ApplyMomentum	GPU-0	(3x3x512x512)(3x3x512x512)(1x1)(int32 1x1)(3x3x512x512)(1x1)->(3x3x512x512)
148	    270.1	      4.0	   1080.6	      0.1	 705142.9	     92.9	  1769468	    1.637	L2Loss	GPU-0	(3x3x128x128)->(1x1)
149	    269.4	      4.0	   1077.4	      0.1	 706220.3	     93.0	   786428	    0.730	L2Loss	GPU-0	(1x1x128x512)->(1x1)
150	    176.0	      6.0	   1056.3	      0.1	 707276.6	     93.2	  1572864	    1.489	Mul	GPU-0	(1x1x256x1024)(1x1)->(1x1x256x1024)
151	   1031.2	      1.0	   1031.2	      0.1	 708307.7	     93.3	        0	    0.000	Relu	GPU-0	(64x128x56x56)(128x1)(128x1)(128x1)(128x1)->(64x128x56x56)
152	   1020.7	      1.0	   1030.9	      0.1	 709338.6	     93.4	        0	    0.000	Select	GPU-0	(boolean 1x1)(1x1)(1x1)->(1x1)
153	   1025.6	      1.0	   1025.6	      0.1	 710364.2	     93.6	        0	    0.000	Pad	GPU-0	(64x128x56x56)(int32 4x2)->(64x128x58x58)
154	    255.1	      4.0	   1020.2	      0.1	 711384.4	     93.7	   262144	    0.257	AddN	GPU-0	(1x1x128x512)(1x1x128x512)->(1x1x128x512)
155	    988.1	      1.0	    988.1	      0.1	 712372.6	     93.8	1644167168	 1663.935	Conv2D	GPU-0	(64x64x56x56)(1x1x64x64)->(64x64x56x56)
156	    243.2	      4.0	    972.8	      0.1	 713345.3	     94.0	   196604	    0.202	L2Loss	GPU-0	(1x1x64x256)->(1x1)
157	    963.3	      1.0	    963.3	      0.1	 714308.6	     94.1	        0	    0.000	Slice	GPU-0	(64x128x58x58)(int32 4x1)(int32 4x1)->(64x128x56x56)
158	    317.9	      3.0	    953.6	      0.1	 715262.3	     94.2	   196608	    0.206	AddN	GPU-0	(1x1x512x128)(1x1x512x128)->(1x1x512x128)
159	    155.7	      6.0	    934.0	      0.1	 716196.3	     94.3	    12288	    0.013	Sub	GPU-0	(2048x1)(2048x1)->(2048x1)
160	    930.9	      1.0	    930.9	      0.1	 717127.2	     94.4	        0	    0.000	FusedBatchNorm	GPU-0	(64x256x28x28)(256x1)(256x1)(1x1)(1x1)->(64x256x28x28)(256x1)(256x1)(256x1)(256x1)
161	    304.9	      3.0	    914.7	      0.1	 718041.9	     94.6	 19267584	   21.064	Add	GPU-0	(64x2048x7x7)(64x2048x7x7)->(64x2048x7x7)
162	    290.0	      3.0	    870.1	      0.1	 718912.0	     94.7	   110592	    0.127	AddN	GPU-0	(3x3x64x64)(3x3x64x64)->(3x3x64x64)
163	    170.0	      5.0	    850.2	      0.1	 719762.3	     94.8	  1310720	    1.542	AddN	GPU-0	(1x1x1024x256)(1x1x1024x256)->(1x1x1024x256)
164	    279.5	      3.0	    838.6	      0.1	 720600.9	     94.9	        0	    0.000	FusedBatchNorm	GPU-0	(64x2048x7x7)(2048x1)(2048x1)(1x1)(1x1)->(64x2048x7x7)(2048x1)(2048x1)(2048x1)(2048x1)
165	    155.7	      5.0	    778.4	      0.1	 721379.3	     95.0	  1310720	    1.684	Mul	GPU-0	(1x1x1024x256)(1x1)->(1x1x1024x256)
166	    256.0	      3.0	    768.0	      0.1	 722147.2	     95.1	  3145728	    4.096	Mul	GPU-0	(1x1x512x2048)(1x1)->(1x1x512x2048)
167	    179.7	      4.0	    718.8	      0.1	 722866.0	     95.2	   589824	    0.821	Mul	GPU-0	(3x3x128x128)(1x1)->(3x3x128x128)
168	    238.8	      3.0	    716.3	      0.1	 723582.4	     95.3	   589821	    0.823	L2Loss	GPU-0	(1x1x512x128)->(1x1)
169	    236.7	      3.0	    710.1	      0.1	 724292.5	     95.4	  7077888	    9.967	AddN	GPU-0	(3x3x512x512)(3x3x512x512)->(3x3x512x512)
170	    708.7	      1.0	    708.7	      0.1	 725001.2	     95.5	 12845056	   18.126	AddN	GPU-0	(64x1024x14x14)(64x1024x14x14)->(64x1024x14x14)
171	    692.8	      1.0	    692.8	      0.1	 725693.9	     95.6	 12845056	   18.542	AddN	GPU-0	(64x1024x14x14)(1024x1)(1024x1)(1x1)(1x1)(64x1024x14x14)(1024x1)(1024x1)(1x1)(1x1)->(64x1024x14x14)
172	    690.7	      1.0	    690.7	      0.1	 726384.7	     95.7	        0	    0.000	Pad	GPU-0	(64x256x28x28)(int32 4x2)->(64x256x30x30)
173	    220.8	      3.0	    662.3	      0.1	 727047.0	     95.8	        0	    0.000	Relu	GPU-0	(64x2048x7x7)(2048x1)(2048x1)(2048x1)(2048x1)->(64x2048x7x7)
174	     55.2	     12.0	    662.2	      0.1	 727709.2	     95.8	    12288	    0.019	Sub	GPU-0	(1024x1)(1024x1)->(1024x1)
175	    328.3	      2.0	    656.5	      0.1	 728365.7	     95.9	  6291454	    9.583	L2Loss	GPU-0	(1x1x2048x512)->(1x1)
176	    214.8	      3.0	    644.4	      0.1	 729010.1	     96.0	  7077888	   10.984	Mul	GPU-0	(3x3x512x512)(1x1)->(3x3x512x512)
177	    210.2	      3.0	    630.7	      0.1	 729640.8	     96.1	  3145728	    4.988	AddN	GPU-0	(1x1x512x2048)(1x1x512x2048)->(1x1x512x2048)
178	    203.5	      3.0	    610.5	      0.1	 730251.2	     96.2	  9437181	   15.459	L2Loss	GPU-0	(1x1x512x2048)->(1x1)
179	    203.1	      3.0	    609.3	      0.1	 730860.6	     96.3	   331773	    0.544	L2Loss	GPU-0	(3x3x64x64)->(1x1)
180	    604.3	      1.0	    604.3	      0.1	 731464.9	     96.3	        0	    0.000	Relu	GPU-0	(64x256x28x28)(256x1)(256x1)(256x1)(256x1)->(64x256x28x28)
181	    148.8	      4.0	    595.1	      0.1	 732060.0	     96.4	   262144	    0.441	Mul	GPU-0	(1x1x128x512)(1x1)->(1x1x128x512)
182	    191.5	      3.0	    574.6	      0.1	 732634.5	     96.5	   110592	    0.192	Mul	GPU-0	(3x3x64x64)(1x1)->(3x3x64x64)
183	     94.1	      6.0	    564.9	      0.1	 733199.4	     96.6	        0	    0.000	ApplyMomentum	GPU-0	(3x3x256x256)(3x3x256x256)(1x1)(int32 1x1)(3x3x256x256)(1x1)->(3x3x256x256)
184	    276.1	      2.0	    552.2	      0.1	 733751.7	     96.6	    98302	    0.178	L2Loss	GPU-0	(1x1x256x64)->(1x1)
185	    550.6	      1.0	    550.6	      0.1	 734302.3	     96.7	 12845056	   23.330	AddN	GPU-0	(64x64x56x56)(64x64x56x56)->(64x64x56x56)
186	    548.2	      1.0	    548.2	      0.1	 734850.5	     96.8	        0	    0.000	Conv2DBackpropInput	GPU-0	(int32 4x1)(1x1x64x64)(64x64x56x56)(64x1)(64x1)(1x1)(1x1)->(64x64x56x56)
187	     88.1	      6.0	    528.5	      0.1	 735379.0	     96.9	  1572864	    2.976	AddN	GPU-0	(1x1x256x1024)(1x1x256x1024)->(1x1x256x1024)
188	    519.5	      1.0	    519.5	      0.1	 735898.5	     96.9	        0	    0.000	Slice	GPU-0	(64x256x30x30)(int32 4x1)(int32 4x1)->(64x256x28x28)
189	    518.6	      1.0	    518.6	      0.1	 736417.1	     97.0	  2050048	    3.953	AddN	GPU-0	(2048x1001)(2048x1001)->(2048x1001)
190	    497.9	      1.0	    497.9	      0.1	 736915.0	     97.1	        0	    0.000	Transpose	GPU-0	(64x224x224x3)(int32 64x1)(int32 4x1)->(64x3x224x224)
191	    161.1	      3.0	    483.4	      0.1	 737398.4	     97.1	        0	    0.000	ApplyMomentum	GPU-0	(1x1x512x2048)(1x1x512x2048)(1x1)(int32 1x1)(1x1x512x2048)(1x1)->(1x1x512x2048)
192	    239.0	      2.0	    478.0	      0.1	 737876.4	     97.2	  2097152	    4.388	Mul	GPU-0	(1x1x2048x512)(1x1)->(1x1x2048x512)
193	    469.5	      1.0	    469.5	      0.1	 738345.8	     97.2	        0	    0.000	Tile	GPU-0	(64x2048x1x1)(int32 4x1)->(64x2048x7x7)
194	     93.2	      5.0	    465.9	      0.1	 738811.8	     97.3	        0	    0.000	FusedBatchNorm	GPU-0	(64x512x7x7)(512x1)(512x1)(1x1)(1x1)->(64x512x7x7)(512x1)(512x1)(512x1)(512x1)
195	    114.8	      4.0	    459.4	      0.1	 739271.1	     97.4	    65536	    0.143	Mul	GPU-0	(1x1x64x256)(1x1)->(1x1x64x256)
196	    456.7	      1.0	    456.7	      0.1	 739727.8	     97.4	        0	    0.000	Pad	GPU-0	(64x3x224x224)(int32 4x2)->(64x3x230x230)
197	    445.9	      1.0	    445.9	      0.1	 740173.7	     97.5	  6150143	   13.793	L2Loss	GPU-0	(2048x1001)->(1x1)
198	    427.0	      1.0	    427.0	      0.1	 740600.7	     97.5	        0	    0.000	Pad	GPU-0	(64x512x14x14)(int32 4x2)->(64x512x16x16)
199	    419.2	      1.0	    419.2	      0.1	 741020.0	     97.6	        0	    0.000	ReluGrad	GPU-0	(64x512x14x14)(64x512x14x14)->(64x512x14x14)
200	    418.4	      1.0	    418.4	      0.1	 741438.4	     97.7	    32768	    0.078	AddN	GPU-0	(1x1x256x128)(1x1x256x128)->(1x1x256x128)
201	    201.0	      2.0	    402.0	      0.1	 741840.4	     97.7	        0	    0.000	NoOp	GPU-0	(no input)->(no output info)
202	     63.8	      6.0	    382.6	      0.1	 742223.1	     97.8	  3538944	    9.249	AddN	GPU-0	(3x3x256x256)(3x3x256x256)->(3x3x256x256)
203	    378.7	      1.0	    378.7	      0.0	 742601.7	     97.8	        0	    0.000	FusedBatchNorm	GPU-0	(64x512x14x14)(512x1)(512x1)(1x1)(1x1)->(64x512x14x14)(512x1)(512x1)(512x1)(512x1)
204	    370.1	      1.0	    370.1	      0.0	 742971.8	     97.9	  6422528	   17.356	AddN	GPU-0	(64x2048x7x7)(64x2048x7x7)(2048x1)(2048x1)(1x1)(1x1)->(64x2048x7x7)
205	     73.4	      5.0	    367.1	      0.0	 743338.9	     97.9	        0	    0.000	Relu	GPU-0	(64x512x7x7)(512x1)(512x1)(512x1)(512x1)->(64x512x7x7)
206	    355.3	      1.0	    355.3	      0.0	 743694.2	     97.9	  6291455	   17.705	L2Loss	GPU-0	(1x1x1024x2048)->(1x1)
207	    117.5	      3.0	    352.4	      0.0	 744046.6	     98.0	   196608	    0.558	Mul	GPU-0	(1x1x512x128)(1x1)->(1x1x512x128)
208	     58.7	      6.0	    352.2	      0.0	 744398.9	     98.0	    12288	    0.035	Mul	GPU-0	(2048x1)(1x1)->(2048x1)
209	    335.9	      1.0	    335.9	      0.0	 744734.8	     98.1	  6422528	   19.120	AddN	GPU-0	(64x2048x7x7)(2048x1)(2048x1)(1x1)(1x1)(64x2048x7x7)(2048x1)(2048x1)(1x1)(1x1)->(64x2048x7x7)
210	    330.7	      1.0	    330.7	      0.0	 745065.5	     98.1	        0	    0.000	Relu	GPU-0	(64x512x14x14)(512x1)(512x1)(512x1)(512x1)->(64x512x14x14)
211	    323.3	      1.0	    323.3	      0.0	 745388.8	     98.2	   393215	    1.216	L2Loss	GPU-0	(1x1x256x512)->(1x1)
212	    161.2	      2.0	    322.3	      0.0	 745711.1	     98.2	        0	    0.000	ApplyMomentum	GPU-0	(1x1x2048x512)(1x1x2048x512)(1x1)(int32 1x1)(1x1x2048x512)(1x1)->(1x1x2048x512)
213	    319.5	      1.0	    319.5	      0.0	 746030.6	     98.3	        0	    0.000	ApplyMomentum	GPU-0	(1x1x1024x2048)(1x1x1024x2048)(1x1)(int32 1x1)(1x1x1024x2048)(1x1)->(1x1x1024x2048)
214	    315.8	      1.0	    315.8	      0.0	 746346.4	     98.3	        0	    0.000	ApplyMomentum	GPU-0	(2048x1001)(2048x1001)(1x1)(int32 1x1)(2048x1001)(1x1)->(2048x1001)
215	      3.5	     90.0	    313.6	      0.0	 746660.0	     98.3	        0	    0.000	VariableV2	GPU-0	(no input)->(256x1)
216	    294.0	      1.0	    294.0	      0.0	 746953.9	     98.4	  1572863	    5.351	L2Loss	GPU-0	(1x1x512x1024)->(1x1)
217	    284.5	      1.0	    284.5	      0.0	 747238.4	     98.4	   131072	    0.461	Mul	GPU-0	(1x1x256x512)(1x1)->(1x1x256x512)
218	    142.2	      2.0	    284.4	      0.0	 747522.8	     98.5	    32768	    0.115	Mul	GPU-0	(1x1x256x64)(1x1)->(1x1x256x64)
219	    284.1	      1.0	    284.1	      0.0	 747807.0	     98.5	     1001	    0.004	AddN	GPU-0	(1001x1)(1001x1)->(1001x1)
220	    281.3	      1.0	    281.3	      0.0	 748088.3	     98.5	  1572863	    5.591	L2Loss	GPU-0	(1x1x1024x512)->(1x1)
221	      2.5	    112.0	    274.9	      0.0	 748363.2	     98.6	        0	    0.000	Const	GPU-0	(no input)->(int32 4x1)
222	    271.7	      1.0	    271.7	      0.0	 748634.9	     98.6	   393215	    1.447	L2Loss	GPU-0	(1x1x512x256)->(1x1)
223	    126.4	      2.0	    252.9	      0.0	 748887.8	     98.6	        2	    0.000	Mul	GPU-0	(1x1)(1x1)->(1x1)
224	    247.3	      1.0	    247.3	      0.0	 749135.1	     98.7	        0	    0.000	Slice	GPU-0	(64x512x16x16)(int32 4x1)(int32 4x1)->(64x512x14x14)
225	    246.3	      1.0	    246.3	      0.0	 749381.4	     98.7	  6422528	   26.073	Mul	GPU-0	(64x2048x7x7)(1x1)->(64x2048x7x7)
226	     41.0	      6.0	    245.7	      0.0	 749627.1	     98.7	        0	    0.000	ApplyMomentum	GPU-0	(1x1x256x1024)(1x1x256x1024)(1x1)(int32 1x1)(1x1x256x1024)(1x1)->(1x1x256x1024)
227	    122.3	      2.0	    244.7	      0.0	 749871.8	     98.8	  2097152	    8.572	AddN	GPU-0	(1x1x2048x512)(1x1x2048x512)->(1x1x2048x512)
228	    237.1	      1.0	    237.1	      0.0	 750108.9	     98.8	262406144	 1106.545	MatMul	GPU-0	(64x2048)(2048x1001)->(64x1001)
229	    113.9	      2.0	    232.4	      0.0	 750341.3	     98.8	        0	    0.000	MEMCPYDtoH	GPU-0	(Transfer)->(4 bytes)
230	    231.2	      1.0	    231.2	      0.0	 750572.5	     98.9	  6422528	   27.783	Mean	GPU-0	(64x2048x7x7)(int32 2x1)->(64x2048x1x1)
231	    223.8	      1.0	    223.8	      0.0	 750796.3	     98.9	    28223	    0.126	L2Loss	GPU-0	(7x7x3x64)->(1x1)
232	    219.3	      1.0	    219.3	      0.0	 751015.6	     98.9	   524288	    2.390	AddN	GPU-0	(1x1x512x1024)(1x1x512x1024)->(1x1x512x1024)
233	    213.6	      1.0	    213.6	      0.0	 751229.2	     98.9	  2050048	    9.597	Mul	GPU-0	(2048x1001)(1x1)->(2048x1001)
234	    213.1	      1.0	    213.1	      0.0	 751442.3	     99.0	   524288	    2.461	Mul	GPU-0	(1x1x1024x512)(1x1)->(1x1x1024x512)
235	    210.8	      1.0	    210.8	      0.0	 751653.1	     99.0	262406144	 1245.106	MatMul	GPU-0	(64x1001)(2048x1001)->(64x2048)
236	    209.1	      1.0	    209.1	      0.0	 751862.1	     99.0	   524288	    2.508	Mul	GPU-0	(1x1x512x1024)(1x1)->(1x1x512x1024)
237	    208.4	      1.0	    208.4	      0.0	 752070.6	     99.1	        0	    0.000	MEMCPYDtoD	GPU-0	(Transfer)->(1 bytes)
238	      3.4	     60.0	    203.3	      0.0	 752273.9	     99.1	        0	    0.000	VariableV2	GPU-0	(no input)->(512x1)
239	     40.3	      5.0	    201.4	      0.0	 752475.3	     99.1	        0	    0.000	ApplyMomentum	GPU-0	(1x1x1024x256)(1x1x1024x256)(1x1)(int32 1x1)(1x1x1024x256)(1x1)->(1x1x1024x256)
240	    195.5	      1.0	    195.5	      0.0	 752670.7	     99.1	   131072	    0.671	AddN	GPU-0	(1x1x512x256)(1x1x512x256)->(1x1x512x256)
241	  19416.0	      0.0	    194.2	      0.0	 752864.9	     99.2	        0	    0.000	ImageSummary	CPU-0	(string 1x1)(64x224x224x3)(int32 64x1)->(string 1x1)
242	    182.6	      1.0	    182.6	      0.0	 753047.5	     99.2	        0	    0.000	Cast	GPU-0	(int64 1x1)->(int32 1x1)
243	      4.3	     42.0	    181.5	      0.0	 753229.0	     99.2	        0	    0.000	VariableV2	GPU-0	(no input)->(64x1)
244	    180.3	      1.0	    180.3	      0.0	 753409.3	     99.2	     4096	    0.023	Mul	GPU-0	(1x1x64x64)(1x1)->(1x1x64x64)
245	    176.5	      1.0	    176.5	      0.0	 753585.8	     99.3	     3002	    0.017	L2Loss	GPU-0	(1001x1)->(1x1)
246	      3.4	     48.0	    165.5	      0.0	 753751.3	     99.3	        0	    0.000	VariableV2	GPU-0	(no input)->(128x1)
247	    161.8	      1.0	    161.8	      0.0	 753913.1	     99.3	  2097152	   12.958	AddN	GPU-0	(1x1x1024x2048)(1x1x1024x2048)->(1x1x1024x2048)
248	    161.3	      1.0	    161.3	      0.0	 754074.4	     99.3	    98303	    0.609	L2Loss	GPU-0	(1x1x256x128)->(1x1)
249	     13.3	     12.0	    159.9	      0.0	 754234.4	     99.3	    12288	    0.077	Mul	GPU-0	(1024x1)(1x1)->(1024x1)
250	    155.0	      1.0	    155.0	      0.0	 754389.4	     99.4	  2097152	   13.529	Mul	GPU-0	(1x1x1024x2048)(1x1)->(1x1x1024x2048)
251	    154.5	      1.0	    154.5	      0.0	 754543.9	     99.4	   524288	    3.393	AddN	GPU-0	(1x1x1024x512)(1x1x1024x512)->(1x1x1024x512)
252	      2.5	     60.0	    151.4	      0.0	 754695.3	     99.4	        0	    0.000	Identity	GPU-0	(256x1)->(256x1)
253	    146.8	      1.0	    148.2	      0.0	 754843.5	     99.4	       64	    0.000	Sum	GPU-0	(64x1)(int32 1x1)->(1x1)
254	    142.3	      1.0	    142.3	      0.0	 754985.8	     99.4	   131072	    0.921	Mul	GPU-0	(1x1x512x256)(1x1)->(1x1x512x256)
255	    140.8	      1.0	    140.8	      0.0	 755126.5	     99.5	        0	    0.000	MEMCPYDtoD	GPU-0	(Transfer)->(8 bytes)
256	      4.4	     30.0	    131.5	      0.0	 755258.0	     99.5	        0	    0.000	ApplyMomentum	GPU-0	(256x1)(256x1)(1x1)(int32 1x1)(256x1)(1x1)->(256x1)
257	    130.0	      1.0	    131.3	      0.0	 755389.3	     99.5	        0	    0.000	MEMCPYDtoH	GPU-0	(Transfer)->(8 bytes)
258	      3.5	     36.0	    125.2	      0.0	 755514.5	     99.5	        0	    0.000	VariableV2	GPU-0	(no input)->(1024x1)
259	    125.2	      1.0	    125.2	      0.0	 755639.6	     99.5	        0	    0.000	Pack	GPU-0	(boolean 1x1)(boolean 1x1)(boolean 1x1)(boolean 1x1)(boolean 1x1)->(boolean 5x1)
260	     25.0	      5.0	    124.8	      0.0	 755764.5	     99.5	        5	    0.000	LessEqual	GPU-0	(int32 1x1)(int32 1x1)->(boolean 1x1)
261	    123.2	      1.0	    123.2	      0.0	 755887.7	     99.6	262406144	 2129.920	MatMul	GPU-0	(64x2048)(64x1001)->(2048x1001)
262	     30.5	      4.0	    122.0	      0.0	 756009.7	     99.6	        4	    0.000	Greater	GPU-0	(int32 1x1)(int32 1x1)->(boolean 1x1)
263	    119.8	      1.0	    119.8	      0.0	 756129.5	     99.6	     9408	    0.079	Mul	GPU-0	(7x7x3x64)(1x1)->(7x7x3x64)
264	    114.9	      1.0	    114.9	      0.0	 756244.4	     99.6	     1001	    0.009	Mul	GPU-0	(1001x1)(1x1)->(1001x1)
265	      2.5	     40.0	     99.2	      0.0	 756343.6	     99.6	        0	    0.000	Identity	GPU-0	(512x1)->(512x1)
266	     48.8	      2.0	     97.6	      0.0	 756441.2	     99.6	    32768	    0.336	AddN	GPU-0	(1x1x256x64)(1x1x256x64)->(1x1x256x64)
267	     90.4	      1.0	     90.4	      0.0	 756531.6	     99.6	        0	    0.000	Merge	GPU-0	(1)(1x1)->(1x1)(int32 1x1)
268	     89.5	      1.0	     89.5	      0.0	 756621.1	     99.7	        0	    0.000	IteratorGetNext	CPU-0	(tf_resource 1x1)->(64x224x224x3)(int32 64x1)
269	     88.1	      1.0	     88.1	      0.0	 756709.3	     99.7	        0	    0.000	MEMCPYHtoD	GPU-0	(Transfer)->(256 bytes)
270	     22.0	      4.0	     88.0	      0.0	 756797.3	     99.7	        0	    0.000	ApplyMomentum	GPU-0	(3x3x128x128)(3x3x128x128)(1x1)(int32 1x1)(3x3x128x128)(1x1)->(3x3x128x128)
271	     29.1	      3.0	     87.4	      0.0	 756884.7	     99.7	        0	    0.000	LogicalAnd	GPU-0	(boolean 1x1)(boolean 1x1)->(boolean 1x1)
272	     83.9	      1.0	     83.9	      0.0	 756968.5	     99.7	    12287	    0.147	L2Loss	GPU-0	(1x1x64x64)->(1x1)
273	     83.8	      1.0	     83.8	      0.0	 757052.3	     99.7	        0	    0.000	ApplyMomentum	GPU-0	(1x1x512x1024)(1x1x512x1024)(1x1)(int32 1x1)(1x1x512x1024)(1x1)->(1x1x512x1024)
274	      4.1	     20.0	     82.3	      0.0	 757134.7	     99.7	        0	    0.000	ApplyMomentum	GPU-0	(512x1)(512x1)(1x1)(int32 1x1)(512x1)(1x1)->(512x1)
275	     82.3	      1.0	     82.3	      0.0	 757217.0	     99.7	        0	    0.000	ApplyMomentum	GPU-0	(1x1x1024x512)(1x1x1024x512)(1x1)(int32 1x1)(1x1x1024x512)(1x1)->(1x1x1024x512)
276	      2.5	     32.0	     80.8	      0.0	 757297.7	     99.7	        0	    0.000	Identity	GPU-0	(128x1)->(128x1)
277	      6.2	     13.0	     80.3	      0.0	 757378.1	     99.8	        0	    0.000	Const	GPU-0	(no input)->(1x1)
278	     79.3	      1.0	     79.3	      0.0	 757457.4	     99.8	    64064	    0.808	Mul	GPU-0	(64x1)(64x1001)->(64x1001)
279	      2.5	     28.0	     69.5	      0.0	 757526.9	     99.8	        0	    0.000	Identity	GPU-0	(64x1)->(64x1)
280	      3.5	     18.0	     63.5	      0.0	 757590.5	     99.8	        0	    0.000	VariableV2	GPU-0	(no input)->(2048x1)
281	      2.6	     24.0	     62.3	      0.0	 757652.8	     99.8	        0	    0.000	Identity	GPU-0	(1024x1)->(1024x1)
282	     61.7	      1.0	     61.7	      0.0	 757714.5	     99.8	        0	    0.000	Iterator	CPU-0	(no input)->(tf_resource 1x1)
283	      3.8	     16.0	     61.3	      0.0	 757775.8	     99.8	        0	    0.000	ApplyMomentum	GPU-0	(128x1)(128x1)(1x1)(int32 1x1)(128x1)(1x1)->(128x1)
284	     61.2	      1.0	     61.2	      0.0	 757837.0	     99.8	        0	    0.000	MEMCPYDtoH	GPU-0	(Transfer)->(5 bytes)
285	     57.9	      1.0	     57.9	      0.0	 757894.8	     99.8	        0	    0.000	MEMCPYDtoH	GPU-0	(Transfer)->(20 bytes)
286	      4.7	     12.0	     56.6	      0.0	 757951.4	     99.8	        0	    0.000	ApplyMomentum	GPU-0	(1024x1)(1024x1)(1x1)(int32 1x1)(1024x1)(1x1)->(1024x1)
287	     54.8	      1.0	     54.8	      0.0	 758006.3	     99.8	        1	    0.000	Add	GPU-0	(1x1)(1x1)->(1x1)
288	     18.2	      3.0	     54.7	      0.0	 758060.9	     99.8	        0	    0.000	MEMCPYDtoH	GPU-0	(Transfer)->(1 bytes)
289	      3.8	     14.0	     53.0	      0.0	 758113.9	     99.8	        0	    0.000	ApplyMomentum	GPU-0	(64x1)(64x1)(1x1)(int32 1x1)(64x1)(1x1)->(64x1)
290	      3.8	     12.0	     45.9	      0.0	 758159.8	     99.9	        0	    0.000	VariableV2	GPU-0	(no input)->(3x3x256x256)
291	     11.3	      4.0	     45.0	      0.0	 758204.9	     99.9	        0	    0.000	ApplyMomentum	GPU-0	(1x1x128x512)(1x1x128x512)(1x1)(int32 1x1)(1x1x128x512)(1x1)->(1x1x128x512)
292	      3.7	     12.0	     44.8	      0.0	 758249.7	     99.9	        0	    0.000	VariableV2	GPU-0	(no input)->(1x1x256x1024)
293	      4.0	     10.0	     39.6	      0.0	 758289.2	     99.9	        0	    0.000	VariableV2	GPU-0	(no input)->(1x1x1024x256)
294	     35.8	      1.0	     35.8	      0.0	 758325.0	     99.9	        1	    0.000	Snapshot	GPU-0	(int64 1x1)(int32 1x1)->(int64 1x1)
295	     11.3	      3.0	     34.0	      0.0	 758359.1	     99.9	        0	    0.000	ApplyMomentum	GPU-0	(1x1x512x128)(1x1x512x128)(1x1)(int32 1x1)(1x1x512x128)(1x1)->(1x1x512x128)
296	      4.0	      8.0	     32.0	      0.0	 758391.1	     99.9	        0	    0.000	VariableV2	GPU-0	(no input)->(1x1x64x256)
297	      2.5	     12.0	     30.5	      0.0	 758421.5	     99.9	        0	    0.000	Identity	GPU-0	(2048x1)->(2048x1)
298	      3.6	      8.0	     29.1	      0.0	 758450.7	     99.9	        0	    0.000	VariableV2	GPU-0	(no input)->(3x3x128x128)
299	      3.6	      8.0	     29.0	      0.0	 758479.7	     99.9	        0	    0.000	VariableV2	GPU-0	(no input)->(1x1x128x512)
300	     28.1	      1.0	     28.1	      0.0	 758507.8	     99.9	    32768	    1.165	Mul	GPU-0	(1x1x256x128)(1x1)->(1x1x256x128)
301	      4.6	      6.0	     27.3	      0.0	 758535.1	     99.9	        0	    0.000	ApplyMomentum	GPU-0	(2048x1)(2048x1)(1x1)(int32 1x1)(2048x1)(1x1)->(2048x1)
302	      4.3	      6.0	     25.9	      0.0	 758561.1	     99.9	        0	    0.000	VariableV2	GPU-0	(no input)->(3x3x64x64)
303	      6.5	      4.0	     25.9	      0.0	 758586.9	     99.9	        0	    0.000	ApplyMomentum	GPU-0	(1x1x64x256)(1x1x64x256)(1x1)(int32 1x1)(1x1x64x256)(1x1)->(1x1x64x256)
304	      3.9	      6.0	     23.5	      0.0	 758610.4	     99.9	        0	    0.000	VariableV2	GPU-0	(no input)->(1x1x512x128)
305	     23.4	      1.0	     23.4	      0.0	 758633.8	     99.9	        0	    0.000	Cast	GPU-0	(boolean 5x1)->(int32 5x1)
306	      7.7	      3.0	     23.2	      0.0	 758657.0	     99.9	        0	    0.000	ApplyMomentum	GPU-0	(3x3x64x64)(3x3x64x64)(1x1)(int32 1x1)(3x3x64x64)(1x1)->(3x3x64x64)
307	      3.8	      6.0	     22.6	      0.0	 758679.6	     99.9	        0	    0.000	VariableV2	GPU-0	(no input)->(3x3x512x512)
308	      3.7	      6.0	     22.4	      0.0	 758702.0	     99.9	        0	    0.000	VariableV2	GPU-0	(no input)->(1x1x512x2048)
309	     21.4	      1.0	     21.4	      0.0	 758723.4	     99.9	        4	    0.000	Sum	GPU-0	(int32 5x1)(int32 1x1)->(int32 1x1)
310	     19.8	      1.0	     19.8	      0.0	 758743.2	     99.9	        0	    0.000	ApplyMomentum	GPU-0	(1x1x256x512)(1x1x256x512)(1x1)(int32 1x1)(1x1x256x512)(1x1)->(1x1x256x512)
311	     19.3	      1.0	     19.3	      0.0	 758762.5	     99.9	        0	    0.000	ApplyMomentum	GPU-0	(1x1x512x256)(1x1x512x256)(1x1)(int32 1x1)(1x1x512x256)(1x1)->(1x1x512x256)
312	      3.0	      6.0	     18.1	      0.0	 758780.6	     99.9	        0	    0.000	Identity	GPU-0	(1x1x256x1024)->(1x1x256x1024)
313	      3.0	      6.0	     18.0	      0.0	 758798.5	     99.9	        0	    0.000	Identity	GPU-0	(3x3x256x256)->(3x3x256x256)
314	      4.5	      4.0	     17.9	      0.0	 758816.5	     99.9	        0	    0.000	VariableV2	GPU-0	(no input)->(1x1x256x64)
315	      3.5	      5.0	     17.3	      0.0	 758833.8	     99.9	        0	    0.000	Switch	GPU-0	(boolean 1x1)(boolean 1x1)->(boolean 1x1)
316	      3.4	      5.0	     17.2	      0.0	 758851.0	     99.9	        0	    0.000	Switch	GPU-0	(1x1)(boolean 1x1)->(1x1)
317	      2.8	      6.0	     16.6	      0.0	 758867.6	     99.9	        0	    0.000	Const	GPU-0	(no input)->(int32 1x1)
318	      3.2	      5.0	     15.8	      0.0	 758883.4	     99.9	        0	    0.000	Identity	GPU-0	(1x1x1024x256)->(1x1x1024x256)
319	      3.8	      4.0	     15.2	      0.0	 758898.6	    100.0	        0	    0.000	VariableV2	GPU-0	(no input)->(1x1x2048x512)
320	      6.4	      2.0	     12.8	      0.0	 758911.5	    100.0	        0	    0.000	Identity	GPU-0	(boolean 1x1)->(boolean 1x1)
321	      6.4	      2.0	     12.8	      0.0	 758924.2	    100.0	        0	    0.000	ApplyMomentum	GPU-0	(1x1x256x64)(1x1x256x64)(1x1)(int32 1x1)(1x1x256x64)(1x1)->(1x1x256x64)
322	      3.2	      4.0	     12.6	      0.0	 758936.8	    100.0	        0	    0.000	Identity	GPU-0	(1x1x128x512)->(1x1x128x512)
323	      3.1	      4.0	     12.2	      0.0	 758949.1	    100.0	        0	    0.000	Identity	GPU-0	(1x1x64x256)->(1x1x64x256)
324	     12.0	      1.0	     12.0	      0.0	 758961.1	    100.0	        0	    0.000	IsVariableInitialized	GPU-0	(int64 1x1)->(boolean 1x1)
325	      3.0	      4.0	     12.0	      0.0	 758973.1	    100.0	        0	    0.000	Identity	GPU-0	(3x3x128x128)->(3x3x128x128)
326	      5.3	      2.0	     10.6	      0.0	 758983.6	    100.0	        2	    0.000	Const	GPU-0	(no input)->(boolean 1x1)
327	      3.2	      3.0	      9.7	      0.0	 758993.3	    100.0	        0	    0.000	Identity	GPU-0	(3x3x64x64)->(3x3x64x64)
328	      3.1	      3.0	      9.2	      0.0	 759002.5	    100.0	        0	    0.000	Identity	GPU-0	(3x3x512x512)->(3x3x512x512)
329	      3.0	      3.0	      9.0	      0.0	 759011.5	    100.0	        0	    0.000	Identity	GPU-0	(1x1x512x2048)->(1x1x512x2048)
330	      3.0	      3.0	      8.9	      0.0	 759020.4	    100.0	        0	    0.000	Identity	GPU-0	(1x1x512x128)->(1x1x512x128)
331	      4.4	      2.0	      8.8	      0.0	 759029.2	    100.0	        0	    0.000	VariableV2	GPU-0	(no input)->(2048x1001)
332	      8.4	      1.0	      8.4	      0.0	 759037.6	    100.0	        0	    0.000	Merge	GPU-0	(int64 1x1)(int64 1x1)->(int64 1x1)(int32 1x1)
333	      4.1	      2.0	      8.3	      0.0	 759045.9	    100.0	        0	    0.000	VariableV2	GPU-0	(no input)->(1x1x256x512)
334	      4.1	      2.0	      8.2	      0.0	 759054.1	    100.0	        0	    0.000	VariableV2	GPU-0	(no input)->(7x7x3x64)
335	      4.1	      2.0	      8.2	      0.0	 759062.3	    100.0	        0	    0.000	VariableV2	GPU-0	(no input)->(1x1x256x128)
336	      4.0	      2.0	      8.0	      0.0	 759070.3	    100.0	        0	    0.000	VariableV2	GPU-0	(no input)->(1x1x1024x512)
337	      4.0	      2.0	      8.0	      0.0	 759078.2	    100.0	        0	    0.000	VariableV2	GPU-0	(no input)->(1x1x64x64)
338	      3.9	      2.0	      7.8	      0.0	 759086.1	    100.0	        0	    0.000	VariableV2	GPU-0	(no input)->(1x1x1024x2048)
339	      7.8	      1.0	      7.8	      0.0	 759093.9	    100.0	        0	    0.000	ApplyMomentum	GPU-0	(1x1x256x128)(1x1x256x128)(1x1)(int32 1x1)(1x1x256x128)(1x1)->(1x1x256x128)
340	      3.9	      2.0	      7.8	      0.0	 759101.7	    100.0	        0	    0.000	VariableV2	GPU-0	(no input)->(1x1x512x256)
341	      3.7	      2.0	      7.4	      0.0	 759109.2	    100.0	        0	    0.000	Const	GPU-0	(no input)->(int64 1x1)
342	      3.6	      2.0	      7.1	      0.0	 759116.3	    100.0	        0	    0.000	VariableV2	GPU-0	(no input)->(1x1x512x1024)
343	      3.5	      2.0	      7.1	      0.0	 759123.4	    100.0	        0	    0.000	VariableV2	GPU-0	(no input)->(1001x1)
344	      7.0	      1.0	      7.0	      0.0	 759130.4	    100.0	        0	    0.000	Merge	GPU-0	(boolean 1x1)(boolean 1x1)->(boolean 1x1)(int32 1x1)
345	      3.4	      2.0	      6.8	      0.0	 759137.3	    100.0	        0	    0.000	Const	GPU-0	(no input)->(int32 4x2)
346	      3.2	      2.0	      6.4	      0.0	 759143.6	    100.0	        0	    0.000	Identity	GPU-0	(1x1x2048x512)->(1x1x2048x512)
347	      3.1	      2.0	      6.2	      0.0	 759149.9	    100.0	        0	    0.000	Identity	GPU-0	(1x1x256x64)->(1x1x256x64)
348	      2.7	      2.0	      5.5	      0.0	 759155.4	    100.0	        0	    0.000	Const	GPU-0	(no input)->(int32 2x1)
349	      5.2	      1.0	      5.2	      0.0	 759160.6	    100.0	        0	    0.000	NoOp	CPU-0	(no input)->(no output info)
350	      5.0	      1.0	      5.0	      0.0	 759165.6	    100.0	        0	    0.000	RefSwitch	GPU-0	(int64 1x1)(boolean 1x1)->(int64 1x1)
351	      5.0	      1.0	      5.0	      0.0	 759170.6	    100.0	    63063	   12.689	BiasAddGrad	GPU-0	(64x1001)->(1001x1)
352	      4.8	      1.0	      4.8	      0.0	 759175.4	    100.0	        0	    0.000	ApplyMomentum	GPU-0	(1001x1)(1001x1)(1x1)(int32 1x1)(1001x1)(1x1)->(1001x1)
353	      4.5	      1.0	      4.5	      0.0	 759179.9	    100.0	        0	    0.000	ApplyMomentum	GPU-0	(1x1x64x64)(1x1x64x64)(1x1)(int32 1x1)(1x1x64x64)(1x1)->(1x1x64x64)
354	      4.5	      1.0	      4.5	      0.0	 759184.4	    100.0	        0	    0.000	ApplyMomentum	GPU-0	(7x7x3x64)(7x7x3x64)(1x1)(int32 1x1)(7x7x3x64)(1x1)->(7x7x3x64)
355	      4.4	      1.0	      4.4	      0.0	 759188.8	    100.0	        0	    0.000	Switch	GPU-0	(int64 1x1)(boolean 1x1)->(int64 1x1)
356	      4.2	      1.0	      4.2	      0.0	 759193.1	    100.0	        0	    0.000	Const	GPU-0	(no input)->(64x1)
357	      4.1	      1.0	      4.1	      0.0	 759197.2	    100.0	        0	    0.000	Switch	GPU-0	(boolean 5x1)(boolean 1x1)->(boolean 5x1)
358	      4.0	      1.0	      4.0	      0.0	 759201.2	    100.0	        0	    0.000	VariableV2	GPU-0	(no input)->(int64 1x1)
359	      3.8	      1.0	      3.8	      0.0	 759205.0	    100.0	        0	    0.000	Reshape	GPU-0	(64x2048x1x1)(int32 2x1)->(64x2048)
360	      3.6	      1.0	      3.6	      0.0	 759208.6	    100.0	        0	    0.000	_Retval	CPU-0	(int64 1x1)->(no output info)
361	      3.6	      1.0	      3.6	      0.0	 759212.2	    100.0	        0	    0.000	Identity	GPU-0	(2048x1001)->(2048x1001)
362	      3.4	      1.0	      3.4	      0.0	 759215.6	    100.0	    64064	   18.898	BiasAdd	GPU-0	(64x1001)(1001x1)->(64x1001)
363	      3.4	      1.0	      3.4	      0.0	 759219.0	    100.0	        0	    0.000	Identity	GPU-0	(1x1x512x256)->(1x1x512x256)
364	      3.4	      1.0	      3.4	      0.0	 759222.3	    100.0	        0	    0.000	Identity	GPU-0	(1x1x256x128)->(1x1x256x128)
365	      3.2	      1.0	      3.2	      0.0	 759225.5	    100.0	        0	    0.000	Reshape	GPU-0	(64x2048)(int32 4x1)->(64x2048x1x1)
366	    322.0	      0.0	      3.2	      0.0	 759228.7	    100.0	        0	    0.000	Cast	GPU-0	(int64 64x1)->(int32 64x1)
367	      3.2	      1.0	      3.2	      0.0	 759231.9	    100.0	        0	    0.000	Identity	GPU-0	(1x1x256x512)->(1x1x256x512)
368	      3.1	      1.0	      3.1	      0.0	 759235.1	    100.0	        0	    0.000	Identity	GPU-0	(1x1x1024x2048)->(1x1x1024x2048)
369	      3.1	      1.0	      3.1	      0.0	 759238.2	    100.0	        0	    0.000	Identity	GPU-0	(1x1x64x64)->(1x1x64x64)
370	      3.1	      1.0	      3.1	      0.0	 759241.2	    100.0	        0	    0.000	Identity	GPU-0	(1x1x1024x512)->(1x1x1024x512)
371	      3.0	      1.0	      3.0	      0.0	 759244.2	    100.0	        0	    0.000	_Retval	CPU-0	(1x1)->(no output info)
372	      3.0	      1.0	      3.0	      0.0	 759247.2	    100.0	        0	    0.000	Identity	GPU-0	(1x1x512x1024)->(1x1x512x1024)
373	      3.0	      1.0	      3.0	      0.0	 759250.2	    100.0	        0	    0.000	Identity	GPU-0	(1001x1)->(1001x1)
374	      3.0	      1.0	      3.0	      0.0	 759253.1	    100.0	       64	    0.022	Snapshot	GPU-0	(64x1)(64x1001)->(64x1)
375	      2.7	      1.0	      2.7	      0.0	 759255.8	    100.0	        0	    0.000	Identity	GPU-0	(int64 1x1)->(int64 1x1)
376	      2.7	      1.0	      2.7	      0.0	 759258.5	    100.0	        0	    0.000	Identity	GPU-0	(7x7x3x64)->(7x7x3x64)
377	      2.6	      1.0	      2.6	      0.0	 759261.0	    100.0	     4096	    1.594	AddN	GPU-0	(1x1x64x64)(1x1x64x64)->(1x1x64x64)
378	    252.0	      0.0	      2.5	      0.0	 759263.6	    100.0	        0	    0.000	MEMCPYDtoH	GPU-0	(Transfer)->(256 bytes)
379	      2.2	      1.0	      2.2	      0.0	 759265.8	    100.0	     9408	    4.276	AddN	GPU-0	(7x7x3x64)(7x7x3x64)->(7x7x3x64)
380	      1.9	      1.0	      1.9	      0.0	 759267.7	    100.0	        1	    0.001	AssignAdd	GPU-0	(int64 1x1)(int64 1x1)->(int64 1x1)
381	     17.5	      0.0	      0.7	      0.0	 759268.4	    100.0	        0	    0.000	ScalarSummary	CPU-0	(string 1x1)(1x1)->(string 1x1)
382	      9.7	      0.1	      0.6	      0.0	 759269.0	    100.0	        0	    0.000	Const	CPU-0	(no input)->(string 1x1)
383	     34.0	      0.0	      0.3	      0.0	 759269.3	    100.0	        1	    0.002	Equal	GPU-0	(int32 64x1)(64x224x224x3)(int32 64x1)->(boolean 64x1)
384	     29.0	      0.0	      0.3	      0.0	 759269.6	    100.0	        0	    0.000	MergeSummary	CPU-0	(string 1x1)(string 1x1)(string 1x1)(string 1x1)(string 1x1)(string 1x1)->(string 1x1)
385	     15.0	      0.0	      0.1	      0.0	 759269.8	    100.0	        0	    0.000	ScalarSummary	CPU-0	(string 1x1)(1x1)(int32 1x1)->(string 1x1)
386	      4.5	      0.0	      0.1	      0.0	 759269.8	    100.0	        0	    0.000	VariableV2	GPU-0	(no input)->(1x1)
387	      8.0	      0.0	      0.1	      0.0	 759269.9	    100.0	        0	    0.000	Identity	GPU-0	(1)->(boolean 1x1)
388	      2.0	      0.0	      0.0	      0.0	 759270.0	    100.0	        0	    0.001	AssignAdd	GPU-0	(1x1)(1x1)->(1x1)
389	      3.0	      0.0	      0.0	      0.0	 759270.0	    100.0	        0	    0.000	_Retval	CPU-0	(string 1x1)->(no output info)
390	      3.0	      0.0	      0.0	      0.0	 759270.0	    100.0	        0	    0.000	MEMCPYHtoD	GPU-0	(Transfer)->(64 bytes)
391	      3.0	      0.0	      0.0	      0.0	 759270.1	    100.0	      640	   21.333	ArgMax	GPU-0	(64x1001)(int32 1x1)->(int64 64x1)
392	      2.0	      0.0	      0.0	      0.0	 759270.1	    100.0	        0	    0.001	RealDiv	GPU-0	(1x1)(1x1)->(1x1)
393	      1.0	      0.0	      0.0	      0.0	 759270.1	    100.0	        0	    0.001	Greater	GPU-0	(1x1)(1x1)->(boolean 1x1)
394	      1.0	      0.0	      0.0	      0.0	 759270.1	    100.0	        0	    0.000	Cast	GPU-0	(boolean 64x1)->(64x1)
